main_fpi,related_fpi,dependency_score,justification,evidence,feature_path
2xA2B_Audio_Layout,AUD-2_A2B_Network_2_configuration_via_diagnostics,3,Critical A2B network dependency,Direct A2B network relationship,SRS Export/SRS Export/SRS_Audio/AUD-2_A2B_Network_2_configuration_via_diagnostics/
2xA2B_Audio_Layout,AUD-2_A2B_Network_Management,3,Critical A2B network dependency,Direct A2B network relationship,SRS Export/SRS Export/SRS_Audio/AUD-2_A2B_Network_Management/
2xA2B_Audio_Layout,AUD-2_IOC_A2B_Network_Management,3,Critical A2B network dependency,Direct A2B network relationship,SRS Export/SRS Export/SRS_Audio/AUD-2_IOC_A2B_Network_Management/
2xA2B_Audio_Layout,FAD-1_Audio_Channels_Interaction,2,High priority audio channel dependency,Audio channel configuration,SRS Export/SRS Export/SRS_Audio/FAD-1_Audio_Channels_Interaction/
2xA2B_Audio_Layout,FAD-2_Audio_Channels_Control,2,High priority audio channel dependency,Audio channel configuration,SRS Export/SRS Export/SRS_Audio/FAD-2_Audio_Channels_Control/
2xA2B_Audio_Layout,FAD-2_Audio_Channels_Control_-_Min_Switch-On_Volume,2,High priority audio channel dependency,Audio channel configuration,SRS Export/SRS Export/SRS_Audio/FAD-2_Audio_Channels_Control_-_Min_Switch-On_Volume/
2xA2B_Audio_Layout,FAD-2_Channel_Directionality,2,High priority audio channel dependency,Audio channel configuration,SRS Export/SRS Export/SRS_Audio/FAD-2_Channel_Directionality/
2xA2B_Audio_Layout,FAD-2 Channel_Directionality,2,High priority audio channel dependency,Audio channel configuration,SRS Export/SRS Export/SRS_Audio/FAD-2 Channel_Directionality/
2xA2B_Audio_Layout,Volume,1,Optional audio setting dependency,Audio configuration relationship,SRS Export/SRS Export/SRS_Audio/Volume/
2xA2B_Audio_Layout,Power_Management,2,High priority power dependency,Power management relationship,SRS Export/SRS Export/SRS_Connectivity/Power_Management/
2xA2B_Audio_Layout,A2B_Measurement_Configuration_(0xD80094),3,Critical A2B configuration dependency,A2B configuration relationship,SRS Export/SRS Export/SRS_Diagnostics/A2B_Measurement_Configuration_(0xD80094)/
2xA2B_Audio_Layout,A2B_Network_1_-_Master_to_Sub_0_-_Defective_node_or_wrong_software_parameter_(0xD81094),3,Critical A2B network dependency,Direct A2B network relationship,SRS Export/SRS Export/SRS_Diagnostics/A2B_Network_1_-_Master_to_Sub_0_-_Defective_node_or_wrong_software_parameter_(0xD81094)/
2xA2B_Audio_Layout,A2B_Network_1_-_Master_to_Sub_0_-_Negative_wire_shorted_to_ground_(0xD81111),3,Critical A2B network dependency,Direct A2B network relationship,SRS Export/SRS Export/SRS_Diagnostics/A2B_Network_1_-_Master_to_Sub_0_-_Negative_wire_shorted_to_ground_(0xD81111)/
2xA2B_Audio_Layout,A2B_Network_1_-_Master_to_Sub_0_-_Negative_wire_shorted_to_VBATT_(0xD81112),3,Critical A2B network dependency,Direct A2B network relationship,SRS Export/SRS Export/SRS_Diagnostics/A2B_Network_1_-_Master_to_Sub_0_-_Negative_wire_shorted_to_VBATT_(0xD81112)/
2xA2B_Audio_Layout,A2B_Network_1_-_Master_to_Sub_0_-_Open_wires_or_wrong_port_(0xD81013),3,Critical A2B network dependency,Direct A2B network relationship,SRS Export/SRS Export/SRS_Diagnostics/A2B_Network_1_-_Master_to_Sub_0_-_Open_wires_or_wrong_port_(0xD81013)/
2xA2B_Audio_Layout,A2B_Network_1_-_Master_to_Sub_0_-_Positive_wire_shorted_to_ground_(0xD81011),3,Critical A2B network dependency,Direct A2B network relationship,SRS Export/SRS Export/SRS_Diagnostics/A2B_Network_1_-_Master_to_Sub_0_-_Positive_wire_shorted_to_ground_(0xD81011)/
2xA2B_Audio_Layout,A2B_Network_1_-_Master_to_Sub_0_-_Positive_wire_shorted_to_VBATT_(0xD81012),3,Critical A2B network dependency,Direct A2B network relationship,SRS Export/SRS Export/SRS_Diagnostics/A2B_Network_1_-_Master_to_Sub_0_-_Positive_wire_shorted_to_VBATT_(0xD81012)/
2xA2B_Audio_Layout,A2B_Network_1_-_Master_to_Sub_0_-_Reverse_wires_or_wrong_port_(0xD81001),3,Critical A2B network dependency,Direct A2B network relationship,SRS Export/SRS Export/SRS_Diagnostics/A2B_Network_1_-_Master_to_Sub_0_-_Reverse_wires_or_wrong_port_(0xD81001)/
2xA2B_Audio_Layout,A2B_Network_1_-_Master_to_Sub_0_-_Wires_shorted_together_(0xD8101A),3,Critical A2B network dependency,Direct A2B network relationship,SRS Export/SRS Export/SRS_Diagnostics/A2B_Network_1_-_Master_to_Sub_0_-_Wires_shorted_together_(0xD8101A)/
2xA2B_Audio_Layout,A2B_Network_1_-_Sub_0_to_Sub_1-_Defective_node_or_wrong_software_parameter_(0xD81494),3,Critical A2B network dependency,Direct A2B network relationship,SRS Export/SRS Export/SRS_Diagnostics/A2B_Network_1_-_Sub_0_to_Sub_1-_Defective_node_or_wrong_software_parameter_(0xD81494)/
2xA2B_Audio_Layout,A2B_Network_1_-_Sub_0_to_Sub_1-_Positive_wire_shorted_to_ground_(0xD81411),3,Critical A2B network dependency,Direct A2B network relationship,SRS Export/SRS Export/SRS_Diagnostics/A2B_Network_1_-_Sub_0_to_Sub_1-_Positive_wire_shorted_to_ground_(0xD81411)/
2xA2B_Audio_Layout,A2B_Network_1_-_Sub_0_to_Sub_1-_Reverse_wires_or_wrong_port_(0xD81401),3,Critical A2B network dependency,Direct A2B network relationship,SRS Export/SRS Export/SRS_Diagnostics/A2B_Network_1_-_Sub_0_to_Sub_1-_Reverse_wires_or_wrong_port_(0xD81401)/
2xA2B_Audio_Layout,A2B_Network_1_-_Sub_0_to_Sub_1_-_Negative_wire_shorted_to_ground_(0xD81511),3,Critical A2B network dependency,Direct A2B network relationship,SRS Export/SRS Export/SRS_Diagnostics/A2B_Network_1_-_Sub_0_to_Sub_1_-_Negative_wire_shorted_to_ground_(0xD81511)/
2xA2B_Audio_Layout,A2B_Network_1_-_Sub_0_to_Sub_1_-_Negative_wire_shorted_to_VBATT_(0xD81512),3,Critical A2B network dependency,Direct A2B network relationship,SRS Export/SRS Export/SRS_Diagnostics/A2B_Network_1_-_Sub_0_to_Sub_1_-_Negative_wire_shorted_to_VBATT_(0xD81512)/
2xA2B_Audio_Layout,A2B_Network_1_-_Sub_0_to_Sub_1_-_Open_wires_or_wrong_port_(0xD81413),3,Critical A2B network dependency,Direct A2B network relationship,SRS Export/SRS Export/SRS_Diagnostics/A2B_Network_1_-_Sub_0_to_Sub_1_-_Open_wires_or_wrong_port_(0xD81413)/
2xA2B_Audio_Layout,A2B_Network_1_-_Sub_0_to_Sub_1_-_Positive_wire_shorted_to_VBATT_(0xD81412),3,Critical A2B network dependency,Direct A2B network relationship,SRS Export/SRS Export/SRS_Diagnostics/A2B_Network_1_-_Sub_0_to_Sub_1_-_Positive_wire_shorted_to_VBATT_(0xD81412)/
2xA2B_Audio_Layout,A2B_Network_1_-_Sub_0_to_Sub_1_-_Wires_shorted_together_(0xD8141A),3,Critical A2B network dependency,Direct A2B network relationship,SRS Export/SRS Export/SRS_Diagnostics/A2B_Network_1_-_Sub_0_to_Sub_1_-_Wires_shorted_together_(0xD8141A)/
2xA2B_Audio_Layout,A2B_Network_2_-_Master_to_Sub_0_-_Defective_node_or_wrong_software_parameter_(0xD82094),3,Critical A2B network dependency,Direct A2B network relationship,SRS Export/SRS Export/SRS_Diagnostics/A2B_Network_2_-_Master_to_Sub_0_-_Defective_node_or_wrong_software_parameter_(0xD82094)/
2xA2B_Audio_Layout,A2B_Network_2_-_Master_to_Sub_0_-_Negative_wire_shorted_to_ground_(0xD82111),3,Critical A2B network dependency,Direct A2B network relationship,SRS Export/SRS Export/SRS_Diagnostics/A2B_Network_2_-_Master_to_Sub_0_-_Negative_wire_shorted_to_ground_(0xD82111)/
2xA2B_Audio_Layout,A2B_Network_2_-_Master_to_Sub_0_-_Negative_wire_shorted_to_VBATT_(0xD82112),3,Critical A2B network dependency,Direct A2B network relationship,SRS Export/SRS Export/SRS_Diagnostics/A2B_Network_2_-_Master_to_Sub_0_-_Negative_wire_shorted_to_VBATT_(0xD82112)/
2xA2B_Audio_Layout,A2B_Network_2_-_Master_to_Sub_0_-_Open_wires_or_wrong_port_(0xD82013),3,Critical A2B network dependency,Direct A2B network relationship,SRS Export/SRS Export/SRS_Diagnostics/A2B_Network_2_-_Master_to_Sub_0_-_Open_wires_or_wrong_port_(0xD82013)/
2xA2B_Audio_Layout,A2B_Network_2_-_Master_to_Sub_0_-_Positive_wire_shorted_to_ground_(0xD82011),3,Critical A2B network dependency,Direct A2B network relationship,SRS Export/SRS Export/SRS_Diagnostics/A2B_Network_2_-_Master_to_Sub_0_-_Positive_wire_shorted_to_ground_(0xD82011)/
2xA2B_Audio_Layout,A2B_Network_2_-_Master_to_Sub_0_-_Positive_wire_shorted_to_VBATT_(0xD82012),3,Critical A2B network dependency,Direct A2B network relationship,SRS Export/SRS Export/SRS_Diagnostics/A2B_Network_2_-_Master_to_Sub_0_-_Positive_wire_shorted_to_VBATT_(0xD82012)/
2xA2B_Audio_Layout,A2B_Network_2_-_Master_to_Sub_0_-_Reverse_wires_or_wrong_port_(0xD82001),3,Critical A2B network dependency,Direct A2B network relationship,SRS Export/SRS Export/SRS_Diagnostics/A2B_Network_2_-_Master_to_Sub_0_-_Reverse_wires_or_wrong_port_(0xD82001)/
2xA2B_Audio_Layout,A2B_Network_2_-_Master_to_Sub_0_-_Wires_shorted_together_(0xD8201A),3,Critical A2B network dependency,Direct A2B network relationship,SRS Export/SRS Export/SRS_Diagnostics/A2B_Network_2_-_Master_to_Sub_0_-_Wires_shorted_together_(0xD8201A)/
2xA2B_Audio_Layout,A2B_Network_2_-_Sub_0_to_Sub_1_-_Defective_node_or_wrong_software_parameter_(0xD82494),3,Critical A2B network dependency,Direct A2B network relationship,SRS Export/SRS Export/SRS_Diagnostics/A2B_Network_2_-_Sub_0_to_Sub_1_-_Defective_node_or_wrong_software_parameter_(0xD82494)/
2xA2B_Audio_Layout,A2B_Network_2_-_Sub_0_to_Sub_1_-_Negative_wire_shorted_to_ground_(0xD82511),3,Critical A2B network dependency,Direct A2B network relationship,SRS Export/SRS Export/SRS_Diagnostics/A2B_Network_2_-_Sub_0_to_Sub_1_-_Negative_wire_shorted_to_ground_(0xD82511)/
2xA2B_Audio_Layout,A2B_Network_2_-_Sub_0_to_Sub_1_-_Negative_wire_shorted_to_VBATT_(0xD82512),3,Critical A2B network dependency,Direct A2B network relationship,SRS Export/SRS Export/SRS_Diagnostics/A2B_Network_2_-_Sub_0_to_Sub_1_-_Negative_wire_shorted_to_VBATT_(0xD82512)/
2xA2B_Audio_Layout,A2B_Network_2_-_Sub_0_to_Sub_1_-_Open_wires_or_wrong_port_(0xD82413),3,Critical A2B network dependency,Direct A2B network relationship,SRS Export/SRS Export/SRS_Diagnostics/A2B_Network_2_-_Sub_0_to_Sub_1_-_Open_wires_or_wrong_port_(0xD82413)/
2xA2B_Audio_Layout,A2B_Network_2_-_Sub_0_to_Sub_1_-_Positive_wire_shorted_to_ground_(0xD82411),3,Critical A2B network dependency,Direct A2B network relationship,SRS Export/SRS Export/SRS_Diagnostics/A2B_Network_2_-_Sub_0_to_Sub_1_-_Positive_wire_shorted_to_ground_(0xD82411)/
2xA2B_Audio_Layout,A2B_Network_2_-_Sub_0_to_Sub_1_-_Positive_wire_shorted_to_VBATT_(0xD82412),3,Critical A2B network dependency,Direct A2B network relationship,SRS Export/SRS Export/SRS_Diagnostics/A2B_Network_2_-_Sub_0_to_Sub_1_-_Positive_wire_shorted_to_VBATT_(0xD82412)/
2xA2B_Audio_Layout,A2B_Network_2_-_Sub_0_to_Sub_1_-_Reverse_wires_or_wrong_port_(0xD82401),3,Critical A2B network dependency,Direct A2B network relationship,SRS Export/SRS Export/SRS_Diagnostics/A2B_Network_2_-_Sub_0_to_Sub_1_-_Reverse_wires_or_wrong_port_(0xD82401)/
2xA2B_Audio_Layout,A2B_Network_2_-_Sub_0_to_Sub_1_-_Wires_shorted_together(0xD8241A),3,Critical A2B network dependency,Direct A2B network relationship,SRS Export/SRS Export/SRS_Diagnostics/A2B_Network_2_-_Sub_0_to_Sub_1_-_Wires_shorted_together(0xD8241A)/
2xA2B_Audio_Layout,A2B_Network_2_-_Sub_1_to_Sub_2_-_Defective_node_or_wrong_software_parameter_(0xD82894),3,Critical A2B network dependency,Direct A2B network relationship,SRS Export/SRS Export/SRS_Diagnostics/A2B_Network_2_-_Sub_1_to_Sub_2_-_Defective_node_or_wrong_software_parameter_(0xD82894)/
2xA2B_Audio_Layout,A2B_Network_2_-_Sub_1_to_Sub_2_-_Negative_wire_shorted_to_ground_(0xD82911),3,Critical A2B network dependency,Direct A2B network relationship,SRS Export/SRS Export/SRS_Diagnostics/A2B_Network_2_-_Sub_1_to_Sub_2_-_Negative_wire_shorted_to_ground_(0xD82911)/
2xA2B_Audio_Layout,A2B_Network_2_-_Sub_1_to_Sub_2_-_Negative_wire_shorted_to_VBATT_(0xD82912),3,Critical A2B network dependency,Direct A2B network relationship,SRS Export/SRS Export/SRS_Diagnostics/A2B_Network_2_-_Sub_1_to_Sub_2_-_Negative_wire_shorted_to_VBATT_(0xD82912)/
2xA2B_Audio_Layout,A2B_Network_2_-_Sub_1_to_Sub_2_-_Open_wires_or_wrong_port_(0xD82813),3,Critical A2B network dependency,Direct A2B network relationship,SRS Export/SRS Export/SRS_Diagnostics/A2B_Network_2_-_Sub_1_to_Sub_2_-_Open_wires_or_wrong_port_(0xD82813)/
2xA2B_Audio_Layout,A2B_Network_2_-_Sub_1_to_Sub_2_-_Positive_wire_shorted_to_ground_(0xD82811),3,Critical A2B network dependency,Direct A2B network relationship,SRS Export/SRS Export/SRS_Diagnostics/A2B_Network_2_-_Sub_1_to_Sub_2_-_Positive_wire_shorted_to_ground_(0xD82811)/
2xA2B_Audio_Layout,A2B_Network_2_-_Sub_1_to_Sub_2_-_Positive_wire_shorted_to_VBATT_(0xD82812),3,Critical A2B network dependency,Direct A2B network relationship,SRS Export/SRS Export/SRS_Diagnostics/A2B_Network_2_-_Sub_1_to_Sub_2_-_Positive_wire_shorted_to_VBATT_(0xD82812)/
2xA2B_Audio_Layout,A2B_Network_2_-_Sub_1_to_Sub_2_-_Reverse_wires_or_wrong_port_(0xD82801),3,Critical A2B network dependency,Direct A2B network relationship,SRS Export/SRS Export/SRS_Diagnostics/A2B_Network_2_-_Sub_1_to_Sub_2_-_Reverse_wires_or_wrong_port_(0xD82801)/
2xA2B_Audio_Layout,A2B_Network_2_-_Sub_1_to_Sub_2_-_Wires_shorted_together_(0xD8281A),3,Critical A2B network dependency,Direct A2B network relationship,SRS Export/SRS Export/SRS_Diagnostics/A2B_Network_2_-_Sub_1_to_Sub_2_-_Wires_shorted_together_(0xD8281A)/
2xA2B_Audio_Layout,A2B_Network_2_-_Sub_2_to_Sub_3_-_Defective_node_or_wrong_software_parameter_(0xD82C94),3,Critical A2B network dependency,Direct A2B network relationship,SRS Export/SRS Export/SRS_Diagnostics/A2B_Network_2_-_Sub_2_to_Sub_3_-_Defective_node_or_wrong_software_parameter_(0xD82C94)/
2xA2B_Audio_Layout,A2B_Network_2_-_Sub_2_to_Sub_3_-_Negative_wire_shorted_to_ground_(0xD82D11),3,Critical A2B network dependency,Direct A2B network relationship,SRS Export/SRS Export/SRS_Diagnostics/A2B_Network_2_-_Sub_2_to_Sub_3_-_Negative_wire_shorted_to_ground_(0xD82D11)/
2xA2B_Audio_Layout,A2B_Network_2_-_Sub_2_to_Sub_3_-_Negative_wire_shorted_to_VBATT_(0xD82D12),3,Critical A2B network dependency,Direct A2B network relationship,SRS Export/SRS Export/SRS_Diagnostics/A2B_Network_2_-_Sub_2_to_Sub_3_-_Negative_wire_shorted_to_VBATT_(0xD82D12)/
2xA2B_Audio_Layout,A2B_Network_2_-_Sub_2_to_Sub_3_-_Open_wires_or_wrong_port_(0xD82C13),3,Critical A2B network dependency,Direct A2B network relationship,SRS Export/SRS Export/SRS_Diagnostics/A2B_Network_2_-_Sub_2_to_Sub_3_-_Open_wires_or_wrong_port_(0xD82C13)/
2xA2B_Audio_Layout,A2B_Network_2_-_Sub_2_to_Sub_3_-_Positive_wire_shorted_to_ground_(0xD82C11),3,Critical A2B network dependency,Direct A2B network relationship,SRS Export/SRS Export/SRS_Diagnostics/A2B_Network_2_-_Sub_2_to_Sub_3_-_Positive_wire_shorted_to_ground_(0xD82C11)/
2xA2B_Audio_Layout,A2B_Network_2_-_Sub_2_to_Sub_3_-_Positive_wire_shorted_to_VBATT_(0xD82C12),3,Critical A2B network dependency,Direct A2B network relationship,SRS Export/SRS Export/SRS_Diagnostics/A2B_Network_2_-_Sub_2_to_Sub_3_-_Positive_wire_shorted_to_VBATT_(0xD82C12)/
2xA2B_Audio_Layout,A2B_Network_2_-_Sub_2_to_Sub_3_-_Reverse_wires_or_wrong_port_(0xD82C01),3,Critical A2B network dependency,Direct A2B network relationship,SRS Export/SRS Export/SRS_Diagnostics/A2B_Network_2_-_Sub_2_to_Sub_3_-_Reverse_wires_or_wrong_port_(0xD82C01)/
2xA2B_Audio_Layout,A2B_Network_2_-_Sub_2_to_Sub_3_-_Wires_shorted_together_(0xD82C1A),3,Critical A2B network dependency,Direct A2B network relationship,SRS Export/SRS Export/SRS_Diagnostics/A2B_Network_2_-_Sub_2_to_Sub_3_-_Wires_shorted_together_(0xD82C1A)/
2xA2B_Audio_Layout,A2B_Network_2_Configuration_($0528),3,Critical A2B network dependency,Direct A2B network relationship,SRS Export/SRS Export/SRS_Diagnostics/A2B_Network_2_Configuration_($0528)/
2xA2B_Audio_Layout,Battery_voltage_ ($1004),1,Optional power parameter dependency,Power parameter relationship,SRS Export/SRS Export/SRS_Diagnostics/Battery_voltage_ ($1004)/
2xA2B_Audio_Layout,Channel_1_Loudspeaker_Output_-_Circuit_open_(0x940013),2,High priority audio channel dependency,Audio channel configuration,SRS Export/SRS Export/SRS_Diagnostics/Channel_1_Loudspeaker_Output_-_Circuit_open_(0x940013)/
2xA2B_Audio_Layout,Channel_1_Loudspeaker_Output_-_Circuit_resistance_below_threshold_(0x94001A),2,High priority audio channel dependency,Audio channel configuration,SRS Export/SRS Export/SRS_Diagnostics/Channel_1_Loudspeaker_Output_-_Circuit_resistance_below_threshold_(0x94001A)/
2xA2B_Audio_Layout,Channel_1_Loudspeaker_Output_-_Circuit_short_to_battery_(0x940012),2,High priority audio channel dependency,Audio channel configuration,SRS Export/SRS Export/SRS_Diagnostics/Channel_1_Loudspeaker_Output_-_Circuit_short_to_battery_(0x940012)/
2xA2B_Audio_Layout,Channel_1_Loudspeaker_Output_-_Circuit_short_to_ground_(0x940011),2,High priority audio channel dependency,Audio channel configuration,SRS Export/SRS Export/SRS_Diagnostics/Channel_1_Loudspeaker_Output_-_Circuit_short_to_ground_(0x940011)/
2xA2B_Audio_Layout,Channel_1_Loudspeaker_Output_-_Performance_or_incorrect_operation_(0x940092),2,High priority audio channel dependency,Audio channel configuration,SRS Export/SRS Export/SRS_Diagnostics/Channel_1_Loudspeaker_Output_-_Performance_or_incorrect_operation_(0x940092)/
2xA2B_Audio_Layout,Channel_2_Loudspeaker_Output_-_Circuit_open_(0x940113),2,High priority audio channel dependency,Audio channel configuration,SRS Export/SRS Export/SRS_Diagnostics/Channel_2_Loudspeaker_Output_-_Circuit_open_(0x940113)/
2xA2B_Audio_Layout,Channel_2_Loudspeaker_Output_-_Circuit_resistance_below_threshold_(0x94011A),2,High priority audio channel dependency,Audio channel configuration,SRS Export/SRS Export/SRS_Diagnostics/Channel_2_Loudspeaker_Output_-_Circuit_resistance_below_threshold_(0x94011A)/
2xA2B_Audio_Layout,Channel_2_Loudspeaker_Output_-_Circuit_short_to_battery_(0x940112),2,High priority audio channel dependency,Audio channel configuration,SRS Export/SRS Export/SRS_Diagnostics/Channel_2_Loudspeaker_Output_-_Circuit_short_to_battery_(0x940112)/
2xA2B_Audio_Layout,Channel_2_Loudspeaker_Output_-_Circuit_short_to_ground_(0x940111),2,High priority audio channel dependency,Audio channel configuration,SRS Export/SRS Export/SRS_Diagnostics/Channel_2_Loudspeaker_Output_-_Circuit_short_to_ground_(0x940111)/
2xA2B_Audio_Layout,Channel_2_Loudspeaker_Output_-_Performance_or_incorrect_operation_(0x940192),2,High priority audio channel dependency,Audio channel configuration,SRS Export/SRS Export/SRS_Diagnostics/Channel_2_Loudspeaker_Output_-_Performance_or_incorrect_operation_(0x940192)/
2xA2B_Audio_Layout,Channel_3_Loudspeaker_Output_-_Circuit_open_(0x940213),2,High priority audio channel dependency,Audio channel configuration,SRS Export/SRS Export/SRS_Diagnostics/Channel_3_Loudspeaker_Output_-_Circuit_open_(0x940213)/
2xA2B_Audio_Layout,Channel_3_Loudspeaker_Output_-_Circuit_resistance_below_threshold_(0x94021A),2,High priority audio channel dependency,Audio channel configuration,SRS Export/SRS Export/SRS_Diagnostics/Channel_3_Loudspeaker_Output_-_Circuit_resistance_below_threshold_(0x94021A)/
2xA2B_Audio_Layout,Channel_3_Loudspeaker_Output_-_Circuit_short_to_battery_(0x940212),2,High priority audio channel dependency,Audio channel configuration,SRS Export/SRS Export/SRS_Diagnostics/Channel_3_Loudspeaker_Output_-_Circuit_short_to_battery_(0x940212)/
2xA2B_Audio_Layout,Channel_3_Loudspeaker_Output_-_Circuit_short_to_ground_(0x940211),2,High priority audio channel dependency,Audio channel configuration,SRS Export/SRS Export/SRS_Diagnostics/Channel_3_Loudspeaker_Output_-_Circuit_short_to_ground_(0x940211)/
2xA2B_Audio_Layout,Channel_3_Loudspeaker_Output_-_Performance_or_incorrect_operation_(0x940292),2,High priority audio channel dependency,Audio channel configuration,SRS Export/SRS Export/SRS_Diagnostics/Channel_3_Loudspeaker_Output_-_Performance_or_incorrect_operation_(0x940292)/
2xA2B_Audio_Layout,Channel_4_Loudspeaker_Output_-_Circuit_open_(0x940313),2,High priority audio channel dependency,Audio channel configuration,SRS Export/SRS Export/SRS_Diagnostics/Channel_4_Loudspeaker_Output_-_Circuit_open_(0x940313)/
2xA2B_Audio_Layout,Channel_4_Loudspeaker_Output_-_Circuit_resistance_below_threshold_(0x94031A),2,High priority audio channel dependency,Audio channel configuration,SRS Export/SRS Export/SRS_Diagnostics/Channel_4_Loudspeaker_Output_-_Circuit_resistance_below_threshold_(0x94031A)/
2xA2B_Audio_Layout,Channel_4_Loudspeaker_Output_-_Circuit_short_to_battery_(0x940312),2,High priority audio channel dependency,Audio channel configuration,SRS Export/SRS Export/SRS_Diagnostics/Channel_4_Loudspeaker_Output_-_Circuit_short_to_battery_(0x940312)/
2xA2B_Audio_Layout,Channel_4_Loudspeaker_Output_-_Circuit_short_to_ground_(0x940311),2,High priority audio channel dependency,Audio channel configuration,SRS Export/SRS Export/SRS_Diagnostics/Channel_4_Loudspeaker_Output_-_Circuit_short_to_ground_(0x940311)/
2xA2B_Audio_Layout,Channel_4_Loudspeaker_Output_-_Performance_or_incorrect_operation_(0x940392),2,High priority audio channel dependency,Audio channel configuration,SRS Export/SRS Export/SRS_Diagnostics/Channel_4_Loudspeaker_Output_-_Performance_or_incorrect_operation_(0x940392)/
2xA2B_Audio_Layout,Channel_5_Loudspeaker_Output_-_Circuit_open_(0x940413),2,High priority audio channel dependency,Audio channel configuration,SRS Export/SRS Export/SRS_Diagnostics/Channel_5_Loudspeaker_Output_-_Circuit_open_(0x940413)/
2xA2B_Audio_Layout,Channel_5_Loudspeaker_Output_-_Circuit_resistance_below_threshold_(0x94041A),2,High priority audio channel dependency,Audio channel configuration,SRS Export/SRS Export/SRS_Diagnostics/Channel_5_Loudspeaker_Output_-_Circuit_resistance_below_threshold_(0x94041A)/
2xA2B_Audio_Layout,Channel_5_Loudspeaker_Output_-_Circuit_short_to_battery_(0x940412),2,High priority audio channel dependency,Audio channel configuration,SRS Export/SRS Export/SRS_Diagnostics/Channel_5_Loudspeaker_Output_-_Circuit_short_to_battery_(0x940412)/
2xA2B_Audio_Layout,Channel_5_Loudspeaker_Output_-_Circuit_short_to_ground_(0x940411),2,High priority audio channel dependency,Audio channel configuration,SRS Export/SRS Export/SRS_Diagnostics/Channel_5_Loudspeaker_Output_-_Circuit_short_to_ground_(0x940411)/
2xA2B_Audio_Layout,Channel_5_Loudspeaker_Output_-_Performance_or_incorrect_operation_(0x940492),2,High priority audio channel dependency,Audio channel configuration,SRS Export/SRS Export/SRS_Diagnostics/Channel_5_Loudspeaker_Output_-_Performance_or_incorrect_operation_(0x940492)/
2xA2B_Audio_Layout,Channel_6_Loudspeaker_Output_-_Circuit_open_(0x940513),2,High priority audio channel dependency,Audio channel configuration,SRS Export/SRS Export/SRS_Diagnostics/Channel_6_Loudspeaker_Output_-_Circuit_open_(0x940513)/
2xA2B_Audio_Layout,Channel_6_Loudspeaker_Output_-_Circuit_resistance_below_threshold_(0x94051A),2,High priority audio channel dependency,Audio channel configuration,SRS Export/SRS Export/SRS_Diagnostics/Channel_6_Loudspeaker_Output_-_Circuit_resistance_below_threshold_(0x94051A)/
2xA2B_Audio_Layout,Channel_6_Loudspeaker_Output_-_Circuit_short_to_battery_(0x940512),2,High priority audio channel dependency,Audio channel configuration,SRS Export/SRS Export/SRS_Diagnostics/Channel_6_Loudspeaker_Output_-_Circuit_short_to_battery_(0x940512)/
2xA2B_Audio_Layout,Channel_6_Loudspeaker_Output_-_Circuit_short_to_ground_(0x940511),2,High priority audio channel dependency,Audio channel configuration,SRS Export/SRS Export/SRS_Diagnostics/Channel_6_Loudspeaker_Output_-_Circuit_short_to_ground_(0x940511)/
2xA2B_Audio_Layout,Channel_6_Loudspeaker_Output_-_Performance_or_incorrect_operation_(0x940592),2,High priority audio channel dependency,Audio channel configuration,SRS Export/SRS Export/SRS_Diagnostics/Channel_6_Loudspeaker_Output_-_Performance_or_incorrect_operation_(0x940592)/
2xA2B_Audio_Layout,Channel_7_Loudspeaker_Output_-_Circuit_open_(0x940613),2,High priority audio channel dependency,Audio channel configuration,SRS Export/SRS Export/SRS_Diagnostics/Channel_7_Loudspeaker_Output_-_Circuit_open_(0x940613)/
2xA2B_Audio_Layout,Channel_7_Loudspeaker_Output_-_Circuit_resistance_below_threshold_(0x94061A),2,High priority audio channel dependency,Audio channel configuration,SRS Export/SRS Export/SRS_Diagnostics/Channel_7_Loudspeaker_Output_-_Circuit_resistance_below_threshold_(0x94061A)/
2xA2B_Audio_Layout,Channel_7_Loudspeaker_Output_-_Circuit_short_to_battery_(0x940612),2,High priority audio channel dependency,Audio channel configuration,SRS Export/SRS Export/SRS_Diagnostics/Channel_7_Loudspeaker_Output_-_Circuit_short_to_battery_(0x940612)/
2xA2B_Audio_Layout,Channel_7_Loudspeaker_Output_-_Circuit_short_to_ground_(0x940611),2,High priority audio channel dependency,Audio channel configuration,SRS Export/SRS Export/SRS_Diagnostics/Channel_7_Loudspeaker_Output_-_Circuit_short_to_ground_(0x940611)/
2xA2B_Audio_Layout,Channel_7_Loudspeaker_Output_-_Performance_or_incorrect_operation_(0x940692),2,High priority audio channel dependency,Audio channel configuration,SRS Export/SRS Export/SRS_Diagnostics/Channel_7_Loudspeaker_Output_-_Performance_or_incorrect_operation_(0x940692)/
2xA2B_Audio_Layout,Channel_8_Loudspeaker_Output_-_Circuit_open_(0x940713),2,High priority audio channel dependency,Audio channel configuration,SRS Export/SRS Export/SRS_Diagnostics/Channel_8_Loudspeaker_Output_-_Circuit_open_(0x940713)/
2xA2B_Audio_Layout,Channel_8_Loudspeaker_Output_-_Circuit_resistance_below_threshold_(0x94071A),2,High priority audio channel dependency,Audio channel configuration,SRS Export/SRS Export/SRS_Diagnostics/Channel_8_Loudspeaker_Output_-_Circuit_resistance_below_threshold_(0x94071A)/
2xA2B_Audio_Layout,Channel_8_Loudspeaker_Output_-_Circuit_short_to_battery_(0x940712),2,High priority audio channel dependency,Audio channel configuration,SRS Export/SRS Export/SRS_Diagnostics/Channel_8_Loudspeaker_Output_-_Circuit_short_to_battery_(0x940712)/
2xA2B_Audio_Layout,Channel_8_Loudspeaker_Output_-_Circuit_short_to_ground_(0x940711),2,High priority audio channel dependency,Audio channel configuration,SRS Export/SRS Export/SRS_Diagnostics/Channel_8_Loudspeaker_Output_-_Circuit_short_to_ground_(0x940711)/
2xA2B_Audio_Layout,Channel_8_Loudspeaker_Output_-_Performance_or_incorrect_operation_(0x940792),2,High priority audio channel dependency,Audio channel configuration,SRS Export/SRS Export/SRS_Diagnostics/Channel_8_Loudspeaker_Output_-_Performance_or_incorrect_operation_(0x940792)/
2xA2B_Audio_Layout,Current_Date  ($2050),1,Optional power parameter dependency,Power parameter relationship,SRS Export/SRS Export/SRS_Diagnostics/Current_Date  ($2050)/
2xA2B_Audio_Layout,"Front_Camera_-_Over_Voltage_(0x9103,_0x17)",1,Optional power parameter dependency,Power parameter relationship,"SRS Export/SRS Export/SRS_Diagnostics/Front_Camera_-_Over_Voltage_(0x9103,_0x17)/"
2xA2B_Audio_Layout,"Left_Camera_- Over_Voltage_(0x9105,_0x17)",1,Optional power parameter dependency,Power parameter relationship,"SRS Export/SRS Export/SRS_Diagnostics/Left_Camera_- Over_Voltage_(0x9105,_0x17)/"
2xA2B_Audio_Layout,Max_Switch-On_Volume ($0527),1,Optional audio setting dependency,Audio configuration relationship,SRS Export/SRS Export/SRS_Diagnostics/Max_Switch-On_Volume ($0527)/
2xA2B_Audio_Layout,Min_Switch-On_Volume ($XXXX),1,Optional audio setting dependency,Audio configuration relationship,SRS Export/SRS Export/SRS_Diagnostics/Min_Switch-On_Volume ($XXXX)/
2xA2B_Audio_Layout,"Rear_Camera_- Over_Voltage_(0x9104,_0x17)",1,Optional power parameter dependency,Power parameter relationship,"SRS Export/SRS Export/SRS_Diagnostics/Rear_Camera_- Over_Voltage_(0x9104,_0x17)/"
2xA2B_Audio_Layout,"Right_Camera_- Over_Voltage_(0x9106,_0x17)",1,Optional power parameter dependency,Power parameter relationship,"SRS Export/SRS Export/SRS_Diagnostics/Right_Camera_- Over_Voltage_(0x9106,_0x17)/"
2xA2B_Audio_Layout,Speed_Dependent_Volume_($0525),1,Optional audio setting dependency,Audio configuration relationship,SRS Export/SRS Export/SRS_Diagnostics/Speed_Dependent_Volume_($0525)/
2xA2B_Audio_Layout,T_POWER_MANAGEMENT_($0503),2,High priority power dependency,Power management relationship,SRS Export/SRS Export/SRS_Diagnostics/T_POWER_MANAGEMENT_($0503)/
2xA2B_Audio_Layout,VIN_Current,1,Optional power parameter dependency,Power parameter relationship,SRS Export/SRS Export/SRS_Diagnostics/VIN_Current/
2xA2B_Audio_Layout,Volume_Attenuation_Enable_($052F),1,Optional audio setting dependency,Audio configuration relationship,SRS Export/SRS Export/SRS_Diagnostics/Volume_Attenuation_Enable_($052F)/
2xA2B_Audio_Layout,Volume_Attenuation_Levels_($0526),1,Optional audio setting dependency,Audio configuration relationship,SRS Export/SRS Export/SRS_Diagnostics/Volume_Attenuation_Levels_($0526)/
2xA2B_Audio_Layout,Volume_Control_($0520),1,Optional audio setting dependency,Audio configuration relationship,SRS Export/SRS Export/SRS_Diagnostics/Volume_Control_($0520)/
2xA2B_Audio_Layout,"[GPIO2]_Dig_IO_#2_-_Clock_Button_2_Over_current_(0x9062,_0x19)",1,Optional power parameter dependency,Power parameter relationship,"SRS Export/SRS Export/SRS_Diagnostics/[GPIO2]_Dig_IO_#2_-_Clock_Button_2_Over_current_(0x9062,_0x19)/"
2xA2B_Audio_Layout,"[GPIO2]_Dig_IO_#2_-_Clock_Button_2_Over_voltage_(0x9062,_0x17)",1,Optional power parameter dependency,Power parameter relationship,"SRS Export/SRS Export/SRS_Diagnostics/[GPIO2]_Dig_IO_#2_-_Clock_Button_2_Over_voltage_(0x9062,_0x17)/"
2xA2B_Audio_Layout,"[GPIO3]_Dig_IO_#3_-_Clock_Button_1_Over_current_(0x9063,_0x19)",1,Optional power parameter dependency,Power parameter relationship,"SRS Export/SRS Export/SRS_Diagnostics/[GPIO3]_Dig_IO_#3_-_Clock_Button_1_Over_current_(0x9063,_0x19)/"
2xA2B_Audio_Layout,"[GPIO3]_Dig_IO_#3_-_Clock_Button_1_Over_voltage_(0x9063,_0x17)",1,Optional power parameter dependency,Power parameter relationship,"SRS Export/SRS Export/SRS_Diagnostics/[GPIO3]_Dig_IO_#3_-_Clock_Button_1_Over_voltage_(0x9063,_0x17)/"
2xA2B_Audio_Layout,AUS-0_Audio_Settings_Persistence,1,Optional HMI audio control dependency,Audio control interface,SRS Export/SRS Export/SRS_HMI Software/AUS-0_Audio_Settings_Persistence/
2xA2B_Audio_Layout,AUS-0_Audio_settings_via_Diagnostics,1,Optional HMI audio control dependency,Audio control interface,SRS Export/SRS Export/SRS_HMI Software/AUS-0_Audio_settings_via_Diagnostics/
2xA2B_Audio_Layout,AUS-0_Audio_setting_introduction,1,Optional HMI audio control dependency,Audio control interface,SRS Export/SRS Export/SRS_HMI Software/AUS-0_Audio_setting_introduction/
2xA2B_Audio_Layout,AUS-0__Audio_settings_via_Diagnostics,1,Optional HMI audio control dependency,Audio control interface,SRS Export/SRS Export/SRS_HMI Software/AUS-0__Audio_settings_via_Diagnostics/
2xA2B_Audio_Layout,AUS-0 Audio_Settings_Persistence,1,Optional HMI audio control dependency,Audio control interface,SRS Export/SRS Export/SRS_HMI Software/AUS-0 Audio_Settings_Persistence/
2xA2B_Audio_Layout,AUS-11_Ringtone_Volume,1,Optional audio setting dependency,Audio configuration relationship,SRS Export/SRS Export/SRS_HMI Software/AUS-11_Ringtone_Volume/
2xA2B_Audio_Layout,AUS-12_General_Warning_Volume,1,Optional audio setting dependency,Audio configuration relationship,SRS Export/SRS Export/SRS_HMI Software/AUS-12_General_Warning_Volume/
2xA2B_Audio_Layout,AUS-13_Parking_Sensor_Volume,1,Optional audio setting dependency,Audio configuration relationship,SRS Export/SRS Export/SRS_HMI Software/AUS-13_Parking_Sensor_Volume/
2xA2B_Audio_Layout,AUS-4_Audio_Presets,1,Optional audio setting dependency,Audio configuration relationship,SRS Export/SRS Export/SRS_HMI Software/AUS-4_Audio_Presets/
2xA2B_Audio_Layout,AUS-7_Speed_Dependent_Volume,1,Optional audio setting dependency,Audio configuration relationship,SRS Export/SRS Export/SRS_HMI Software/AUS-7_Speed_Dependent_Volume/
2xA2B_Audio_Layout,AUS-8_Navigation_Voice_Volume,1,Optional audio setting dependency,Audio configuration relationship,SRS Export/SRS Export/SRS_HMI Software/AUS-8_Navigation_Voice_Volume/
2xA2B_Audio_Layout,AUS-9_Voice_Control_Volume,1,Optional audio setting dependency,Audio configuration relationship,SRS Export/SRS Export/SRS_HMI Software/AUS-9_Voice_Control_Volume/
2xA2B_Audio_Layout,Power_Management,2,High priority power dependency,Power management relationship,SRS Export/SRS Export/SRS_HMI Software/Power_Management/
2xA2B_Audio_Layout,Volume_Bar,1,Optional audio setting dependency,Audio configuration relationship,SRS Export/SRS Export/SRS_HMI Software/Volume_Bar/
2xA2B_Audio_Layout,VEH-F006_Low_Voltage_Battery_Indication,1,Optional power parameter dependency,Power parameter relationship,SRS Export/SRS Export/SRS_Instrument Cluster/VEH-F006_Low_Voltage_Battery_Indication/
2xA2B_Audio_Layout,VEH-F804_High_Voltage_Battery,1,Optional power parameter dependency,Power parameter relationship,SRS Export/SRS Export/SRS_Instrument Cluster/VEH-F804_High_Voltage_Battery/
2xA2B_Audio_Layout,VEH-F805_High_Voltage_HVAC_&_H2O_Circuit,1,Optional power parameter dependency,Power parameter relationship,SRS Export/SRS Export/SRS_Instrument Cluster/VEH-F805_High_Voltage_HVAC_&_H2O_Circuit/
2xA2B_Audio_Layout,Displays_Physical_Commands_for_Central_Display_-_VolumeMute_Command,1,Optional audio setting dependency,Audio configuration relationship,SRS Export/SRS Export/SRS_System Architecture/Displays_Physical_Commands_for_Central_Display_-_VolumeMute_Command/
2xA2B_Audio_Layout,PMN-1_IDC_Power_Management,2,High priority power dependency,Power management relationship,SRS Export/SRS Export/SRS_System Architecture/PMN-1_IDC_Power_Management/
2xA2B_Audio_Layout,Power_Management_-_Power_State_IDC_OFF,2,High priority power dependency,Power management relationship,SRS Export/SRS Export/SRS_System Architecture/Power_Management_-_Power_State_IDC_OFF/
2xA2B_Audio_Layout,Power_Management_-_Power_State_IDC_Off_-_Full_Sleep,2,High priority power dependency,Power management relationship,SRS Export/SRS Export/SRS_System Architecture/Power_Management_-_Power_State_IDC_Off_-_Full_Sleep/
2xA2B_Audio_Layout,Power_Management_-_Power_State_IDC_OFF_-_Suspend_to_RAM,2,High priority power dependency,Power management relationship,SRS Export/SRS Export/SRS_System Architecture/Power_Management_-_Power_State_IDC_OFF_-_Suspend_to_RAM/
2xA2B_Audio_Layout,Power_Management_-_Power_State_IDC_ON,2,High priority power dependency,Power management relationship,SRS Export/SRS Export/SRS_System Architecture/Power_Management_-_Power_State_IDC_ON/
2xA2B_Audio_Layout,RAD-31_HD_Radio_SPS_channel,2,High priority audio channel dependency,Audio channel configuration,SRS Export/SRS Export/SRS_Tuner/RAD-31_HD_Radio_SPS_channel/
2xA2B_Audio_Layout,RAD-40_SXM_Channel_Search,2,High priority audio channel dependency,Audio channel configuration,SRS Export/SRS Export/SRS_Tuner/RAD-40_SXM_Channel_Search/
2xA2B_Audio_Layout,RAD-42_SXM_Channel_info,2,High priority audio channel dependency,Audio channel configuration,SRS Export/SRS Export/SRS_Tuner/RAD-42_SXM_Channel_info/
2xA2B_Audio_Layout,RAD-43_SXM_Favourite_channel,2,High priority audio channel dependency,Audio channel configuration,SRS Export/SRS Export/SRS_Tuner/RAD-43_SXM_Favourite_channel/
