Main_FPI,Related_FPI,Score,Direction,Necessity,Context_Usage,Extracted_Context_From_Related_FPI,Why_It_Is_Needed_For_Testcase_Generation,Confidence,Evidence,Feature_Path
DMS-7_DRIVER_GAZE_ESTIMATION,AUD-2_A2B_Network_2_configuration_via_diagnostics,-1,Upstream,Low,Constraint,General system context,Optional upstream dependency,Probable,Supporting context for DMS-7_DRIVER_GAZE_ESTIMATION testcase,SRS Export/SRS Export/SRS_Audio/AUD-2_A2B_Network_2_configuration_via_diagnostics/
DMS-7_DRIVER_GAZE_ESTIMATION,AVAS_1_AVAS_switch_off_speed_configuration_via_Diagnostics,-1,Upstream,Low,Constraint,General system context,Optional upstream dependency,Probable,Supporting context for DMS-7_DRIVER_GAZE_ESTIMATION testcase,SRS Export/SRS Export/SRS_Audio/AVAS_1_AVAS_switch_off_speed_configuration_via_Diagnostics/
DMS-7_DRIVER_GAZE_ESTIMATION,Diagnostics_Test_Tone_Generator,-1,Upstream,Low,Constraint,General system context,Optional upstream dependency,Probable,Supporting context for DMS-7_DRIVER_GAZE_ESTIMATION testcase,SRS Export/SRS Export/SRS_Audio/Diagnostics_Test_Tone_Generator/
DMS-7_DRIVER_GAZE_ESTIMATION,ESE-1_ESE_BEV_Management_Diagnostics,-1,Upstream,Low,Constraint,General system context,Optional upstream dependency,Probable,Supporting context for DMS-7_DRIVER_GAZE_ESTIMATION testcase,SRS Export/SRS Export/SRS_Audio/ESE-1_ESE_BEV_Management_Diagnostics/
DMS-7_DRIVER_GAZE_ESTIMATION,FAD-1_Calibration,-2,Upstream,High,"Setup, Activation",Calibration parameters and tolerances,High priority upstream dependency,Confirmed,Important for DMS-7_DRIVER_GAZE_ESTIMATION testcase activation,SRS Export/SRS Export/SRS_Audio/FAD-1_Calibration/
DMS-7_DRIVER_GAZE_ESTIMATION,FAD-2_Calibration,-2,Upstream,High,"Setup, Activation",Calibration parameters and tolerances,High priority upstream dependency,Confirmed,Important for DMS-7_DRIVER_GAZE_ESTIMATION testcase activation,SRS Export/SRS Export/SRS_Audio/FAD-2_Calibration/
DMS-7_DRIVER_GAZE_ESTIMATION,FAD-2 Calibration,-2,Upstream,High,"Setup, Activation",Calibration parameters and tolerances,High priority upstream dependency,Confirmed,Important for DMS-7_DRIVER_GAZE_ESTIMATION testcase activation,SRS Export/SRS Export/SRS_Audio/FAD-2 Calibration/
DMS-7_DRIVER_GAZE_ESTIMATION,FAD-4_Proxi_Parameters,-2,Upstream,High,"Setup, Activation",General system context,High priority upstream dependency,Confirmed,Important for DMS-7_DRIVER_GAZE_ESTIMATION testcase activation,SRS Export/SRS Export/SRS_Audio/FAD-4_Proxi_Parameters/
DMS-7_DRIVER_GAZE_ESTIMATION,FAD-7_Flat_Audio_Calibration,-2,Upstream,High,"Setup, Activation",Calibration parameters and tolerances,High priority upstream dependency,Confirmed,Important for DMS-7_DRIVER_GAZE_ESTIMATION testcase activation,SRS Export/SRS Export/SRS_Audio/FAD-7_Flat_Audio_Calibration/
DMS-7_DRIVER_GAZE_ESTIMATION,Speech_Dialog_and_Readout_Sources,1,Downstream,Low,FailureCheck,General gaze estimation context,Optional downstream dependency,Probable,Speech_Dialog_and_Readout_Sources testcase optionally uses DMS-7_DRIVER_GAZE_ESTIMATION context,SRS Export/SRS Export/SRS_Audio/Speech_Dialog_and_Readout_Sources/
DMS-7_DRIVER_GAZE_ESTIMATION,Engineering_Test_Parameters,-2,Upstream,High,"Setup, Activation",General system context,High priority upstream dependency,Confirmed,Important for DMS-7_DRIVER_GAZE_ESTIMATION testcase activation,SRS Export/SRS Export/SRS_Connectivity/Engineering_Test_Parameters/
DMS-7_DRIVER_GAZE_ESTIMATION,Power_Management,-3,Upstream,Critical,"Precondition, Setup",Power state and voltage requirements,Critical upstream dependency for testcase preconditions,Confirmed,Required for DMS-7_DRIVER_GAZE_ESTIMATION testcase setup,SRS Export/SRS Export/SRS_Connectivity/Power_Management/
DMS-7_DRIVER_GAZE_ESTIMATION,Quality_of_Service,1,Downstream,Low,FailureCheck,General gaze estimation context,Optional downstream dependency,Probable,Quality_of_Service testcase optionally uses DMS-7_DRIVER_GAZE_ESTIMATION context,SRS Export/SRS Export/SRS_Connectivity/Quality_of_Service/
DMS-7_DRIVER_GAZE_ESTIMATION,A2B_Network_1_-_Master_to_Sub_0_-_Defective_node_or_wrong_software_parameter_(0xD81094),-2,Upstream,High,"Setup, Activation",General system context,High priority upstream dependency,Confirmed,Important for DMS-7_DRIVER_GAZE_ESTIMATION testcase activation,SRS Export/SRS Export/SRS_Diagnostics/A2B_Network_1_-_Master_to_Sub_0_-_Defective_node_or_wrong_software_parameter_(0xD81094)/
DMS-7_DRIVER_GAZE_ESTIMATION,A2B_Network_1_-_Sub_0_to_Sub_1-_Defective_node_or_wrong_software_parameter_(0xD81494),-2,Upstream,High,"Setup, Activation",General system context,High priority upstream dependency,Confirmed,Important for DMS-7_DRIVER_GAZE_ESTIMATION testcase activation,SRS Export/SRS Export/SRS_Diagnostics/A2B_Network_1_-_Sub_0_to_Sub_1-_Defective_node_or_wrong_software_parameter_(0xD81494)/
DMS-7_DRIVER_GAZE_ESTIMATION,A2B_Network_2_-_Master_to_Sub_0_-_Defective_node_or_wrong_software_parameter_(0xD82094),-2,Upstream,High,"Setup, Activation",General system context,High priority upstream dependency,Confirmed,Important for DMS-7_DRIVER_GAZE_ESTIMATION testcase activation,SRS Export/SRS Export/SRS_Diagnostics/A2B_Network_2_-_Master_to_Sub_0_-_Defective_node_or_wrong_software_parameter_(0xD82094)/
DMS-7_DRIVER_GAZE_ESTIMATION,A2B_Network_2_-_Sub_0_to_Sub_1_-_Defective_node_or_wrong_software_parameter_(0xD82494),-2,Upstream,High,"Setup, Activation",General system context,High priority upstream dependency,Confirmed,Important for DMS-7_DRIVER_GAZE_ESTIMATION testcase activation,SRS Export/SRS Export/SRS_Diagnostics/A2B_Network_2_-_Sub_0_to_Sub_1_-_Defective_node_or_wrong_software_parameter_(0xD82494)/
DMS-7_DRIVER_GAZE_ESTIMATION,A2B_Network_2_-_Sub_1_to_Sub_2_-_Defective_node_or_wrong_software_parameter_(0xD82894),-2,Upstream,High,"Setup, Activation",General system context,High priority upstream dependency,Confirmed,Important for DMS-7_DRIVER_GAZE_ESTIMATION testcase activation,SRS Export/SRS Export/SRS_Diagnostics/A2B_Network_2_-_Sub_1_to_Sub_2_-_Defective_node_or_wrong_software_parameter_(0xD82894)/
DMS-7_DRIVER_GAZE_ESTIMATION,A2B_Network_2_-_Sub_2_to_Sub_3_-_Defective_node_or_wrong_software_parameter_(0xD82C94),-2,Upstream,High,"Setup, Activation",General system context,High priority upstream dependency,Confirmed,Important for DMS-7_DRIVER_GAZE_ESTIMATION testcase activation,SRS Export/SRS Export/SRS_Diagnostics/A2B_Network_2_-_Sub_2_to_Sub_3_-_Defective_node_or_wrong_software_parameter_(0xD82C94)/
DMS-7_DRIVER_GAZE_ESTIMATION,Active_suspension_parameters  ($2032),-2,Upstream,High,"Setup, Activation",General system context,High priority upstream dependency,Confirmed,Important for DMS-7_DRIVER_GAZE_ESTIMATION testcase activation,SRS Export/SRS Export/SRS_Diagnostics/Active_suspension_parameters  ($2032)/
DMS-7_DRIVER_GAZE_ESTIMATION,AIRQUALITY($052D),1,Downstream,Low,FailureCheck,General gaze estimation context,Optional downstream dependency,Probable,AIRQUALITY($052D) testcase optionally uses DMS-7_DRIVER_GAZE_ESTIMATION context,SRS Export/SRS Export/SRS_Diagnostics/AIRQUALITY($052D)/
DMS-7_DRIVER_GAZE_ESTIMATION,Authenticated_Diagnostics_-_Active_Roles,-1,Upstream,Low,Constraint,General system context,Optional upstream dependency,Probable,Supporting context for DMS-7_DRIVER_GAZE_ESTIMATION testcase,SRS Export/SRS Export/SRS_Diagnostics/Authenticated_Diagnostics_-_Active_Roles/
DMS-7_DRIVER_GAZE_ESTIMATION,Authenticated_Diagnostics_-_Disallowed_Certificate_List,-1,Upstream,Low,Constraint,General system context,Optional upstream dependency,Probable,Supporting context for DMS-7_DRIVER_GAZE_ESTIMATION testcase,SRS Export/SRS Export/SRS_Diagnostics/Authenticated_Diagnostics_-_Disallowed_Certificate_List/
DMS-7_DRIVER_GAZE_ESTIMATION,Authenticated_Diagnostics_-_Previous_Access,-1,Upstream,Low,Constraint,General system context,Optional upstream dependency,Probable,Supporting context for DMS-7_DRIVER_GAZE_ESTIMATION testcase,SRS Export/SRS Export/SRS_Diagnostics/Authenticated_Diagnostics_-_Previous_Access/
DMS-7_DRIVER_GAZE_ESTIMATION,Channel_1_Loudspeaker_Output_-_Performance_or_incorrect_operation_(0x940092),1,Downstream,Low,FailureCheck,General gaze estimation context,Optional downstream dependency,Probable,Channel_1_Loudspeaker_Output_-_Performance_or_incorrect_operation_(0x940092) testcase optionally uses DMS-7_DRIVER_GAZE_ESTIMATION context,SRS Export/SRS Export/SRS_Diagnostics/Channel_1_Loudspeaker_Output_-_Performance_or_incorrect_operation_(0x940092)/
DMS-7_DRIVER_GAZE_ESTIMATION,Channel_2_Loudspeaker_Output_-_Performance_or_incorrect_operation_(0x940192),1,Downstream,Low,FailureCheck,General gaze estimation context,Optional downstream dependency,Probable,Channel_2_Loudspeaker_Output_-_Performance_or_incorrect_operation_(0x940192) testcase optionally uses DMS-7_DRIVER_GAZE_ESTIMATION context,SRS Export/SRS Export/SRS_Diagnostics/Channel_2_Loudspeaker_Output_-_Performance_or_incorrect_operation_(0x940192)/
DMS-7_DRIVER_GAZE_ESTIMATION,Channel_3_Loudspeaker_Output_-_Performance_or_incorrect_operation_(0x940292),1,Downstream,Low,FailureCheck,General gaze estimation context,Optional downstream dependency,Probable,Channel_3_Loudspeaker_Output_-_Performance_or_incorrect_operation_(0x940292) testcase optionally uses DMS-7_DRIVER_GAZE_ESTIMATION context,SRS Export/SRS Export/SRS_Diagnostics/Channel_3_Loudspeaker_Output_-_Performance_or_incorrect_operation_(0x940292)/
DMS-7_DRIVER_GAZE_ESTIMATION,Channel_4_Loudspeaker_Output_-_Performance_or_incorrect_operation_(0x940392),1,Downstream,Low,FailureCheck,General gaze estimation context,Optional downstream dependency,Probable,Channel_4_Loudspeaker_Output_-_Performance_or_incorrect_operation_(0x940392) testcase optionally uses DMS-7_DRIVER_GAZE_ESTIMATION context,SRS Export/SRS Export/SRS_Diagnostics/Channel_4_Loudspeaker_Output_-_Performance_or_incorrect_operation_(0x940392)/
DMS-7_DRIVER_GAZE_ESTIMATION,Channel_5_Loudspeaker_Output_-_Performance_or_incorrect_operation_(0x940492),1,Downstream,Low,FailureCheck,General gaze estimation context,Optional downstream dependency,Probable,Channel_5_Loudspeaker_Output_-_Performance_or_incorrect_operation_(0x940492) testcase optionally uses DMS-7_DRIVER_GAZE_ESTIMATION context,SRS Export/SRS Export/SRS_Diagnostics/Channel_5_Loudspeaker_Output_-_Performance_or_incorrect_operation_(0x940492)/
DMS-7_DRIVER_GAZE_ESTIMATION,Channel_6_Loudspeaker_Output_-_Performance_or_incorrect_operation_(0x940592),1,Downstream,Low,FailureCheck,General gaze estimation context,Optional downstream dependency,Probable,Channel_6_Loudspeaker_Output_-_Performance_or_incorrect_operation_(0x940592) testcase optionally uses DMS-7_DRIVER_GAZE_ESTIMATION context,SRS Export/SRS Export/SRS_Diagnostics/Channel_6_Loudspeaker_Output_-_Performance_or_incorrect_operation_(0x940592)/
DMS-7_DRIVER_GAZE_ESTIMATION,Channel_7_Loudspeaker_Output_-_Performance_or_incorrect_operation_(0x940692),1,Downstream,Low,FailureCheck,General gaze estimation context,Optional downstream dependency,Probable,Channel_7_Loudspeaker_Output_-_Performance_or_incorrect_operation_(0x940692) testcase optionally uses DMS-7_DRIVER_GAZE_ESTIMATION context,SRS Export/SRS Export/SRS_Diagnostics/Channel_7_Loudspeaker_Output_-_Performance_or_incorrect_operation_(0x940692)/
DMS-7_DRIVER_GAZE_ESTIMATION,Channel_8_Loudspeaker_Output_-_Performance_or_incorrect_operation_(0x940792),1,Downstream,Low,FailureCheck,General gaze estimation context,Optional downstream dependency,Probable,Channel_8_Loudspeaker_Output_-_Performance_or_incorrect_operation_(0x940792) testcase optionally uses DMS-7_DRIVER_GAZE_ESTIMATION context,SRS Export/SRS Export/SRS_Diagnostics/Channel_8_Loudspeaker_Output_-_Performance_or_incorrect_operation_(0x940792)/
DMS-7_DRIVER_GAZE_ESTIMATION,Diagnostics,-1,Upstream,Low,Constraint,General system context,Optional upstream dependency,Probable,Supporting context for DMS-7_DRIVER_GAZE_ESTIMATION testcase,SRS Export/SRS Export/SRS_Diagnostics/Diagnostics/
DMS-7_DRIVER_GAZE_ESTIMATION,DMS_-_Ce_pct_EyeClosedQualityDegTh_($FE43),1,Downstream,Low,FailureCheck,General gaze estimation context,Optional downstream dependency,Probable,DMS_-_Ce_pct_EyeClosedQualityDegTh_($FE43) testcase optionally uses DMS-7_DRIVER_GAZE_ESTIMATION context,SRS Export/SRS Export/SRS_Diagnostics/DMS_-_Ce_pct_EyeClosedQualityDegTh_($FE43)/
DMS-7_DRIVER_GAZE_ESTIMATION,DMS_-_Ce_pct_EyeClosedQualityNNTh_($FE4C),1,Downstream,Low,FailureCheck,General gaze estimation context,Optional downstream dependency,Probable,DMS_-_Ce_pct_EyeClosedQualityNNTh_($FE4C) testcase optionally uses DMS-7_DRIVER_GAZE_ESTIMATION context,SRS Export/SRS Export/SRS_Diagnostics/DMS_-_Ce_pct_EyeClosedQualityNNTh_($FE4C)/
DMS-7_DRIVER_GAZE_ESTIMATION,DMS_-_Ce_pct_EyeGazeQualityDegTh ($FE41),1,Downstream,Low,FailureCheck,General gaze estimation context,Optional downstream dependency,Probable,DMS_-_Ce_pct_EyeGazeQualityDegTh ($FE41) testcase optionally uses DMS-7_DRIVER_GAZE_ESTIMATION context,SRS Export/SRS Export/SRS_Diagnostics/DMS_-_Ce_pct_EyeGazeQualityDegTh ($FE41)/
DMS-7_DRIVER_GAZE_ESTIMATION,DMS_-_Ce_pct_EyeGazeQualityNNTh_($FE4A),1,Downstream,Low,FailureCheck,General gaze estimation context,Optional downstream dependency,Probable,DMS_-_Ce_pct_EyeGazeQualityNNTh_($FE4A) testcase optionally uses DMS-7_DRIVER_GAZE_ESTIMATION context,SRS Export/SRS Export/SRS_Diagnostics/DMS_-_Ce_pct_EyeGazeQualityNNTh_($FE4A)/
DMS-7_DRIVER_GAZE_ESTIMATION,DMS_-_Ce_pct_HeadTrackQualityDegTh_($FE42),1,Downstream,Low,FailureCheck,General gaze estimation context,Optional downstream dependency,Probable,DMS_-_Ce_pct_HeadTrackQualityDegTh_($FE42) testcase optionally uses DMS-7_DRIVER_GAZE_ESTIMATION context,SRS Export/SRS Export/SRS_Diagnostics/DMS_-_Ce_pct_HeadTrackQualityDegTh_($FE42)/
DMS-7_DRIVER_GAZE_ESTIMATION,DMS_-_Ce_pct_HeadTrackQualityNNTh_($FE4B),1,Downstream,Low,FailureCheck,General gaze estimation context,Optional downstream dependency,Probable,DMS_-_Ce_pct_HeadTrackQualityNNTh_($FE4B) testcase optionally uses DMS-7_DRIVER_GAZE_ESTIMATION context,SRS Export/SRS Export/SRS_Diagnostics/DMS_-_Ce_pct_HeadTrackQualityNNTh_($FE4B)/
DMS-7_DRIVER_GAZE_ESTIMATION,DMS_-_Ce_t_DebounceTimeDTC_($FE48),-1,Upstream,Low,Constraint,DMS system status and operational state,Optional upstream dependency,Probable,Supporting context for DMS-7_DRIVER_GAZE_ESTIMATION testcase,SRS Export/SRS Export/SRS_Diagnostics/DMS_-_Ce_t_DebounceTimeDTC_($FE48)/
DMS-7_DRIVER_GAZE_ESTIMATION,DMS_-_DEBUG_MESSAGES_ACTIVATION_STATUS ($FE50),-3,Upstream,Critical,"Precondition, Setup",DMS system status and operational state,Critical upstream dependency for testcase preconditions,Confirmed,Required for DMS-7_DRIVER_GAZE_ESTIMATION testcase setup,SRS Export/SRS Export/SRS_Diagnostics/DMS_-_DEBUG_MESSAGES_ACTIVATION_STATUS ($FE50)/
DMS-7_DRIVER_GAZE_ESTIMATION,DMS_-_DMS_SETTINGS_ACTIVATION_STATUS_($FE51),-3,Upstream,Critical,"Precondition, Setup",DMS system status and operational state,Critical upstream dependency for testcase preconditions,Confirmed,Required for DMS-7_DRIVER_GAZE_ESTIMATION testcase setup,SRS Export/SRS Export/SRS_Diagnostics/DMS_-_DMS_SETTINGS_ACTIVATION_STATUS_($FE51)/
DMS-7_DRIVER_GAZE_ESTIMATION,DMS_-_POWER-RELATED_ERRORS_(0xD90001),-3,Upstream,Critical,"Precondition, Setup",DMS system status and operational state; Power state and voltage requirements,Critical upstream dependency for testcase preconditions,Confirmed,Required for DMS-7_DRIVER_GAZE_ESTIMATION testcase setup,SRS Export/SRS Export/SRS_Diagnostics/DMS_-_POWER-RELATED_ERRORS_(0xD90001)/
DMS-7_DRIVER_GAZE_ESTIMATION,DTCFailureType  ($6082),-1,Upstream,Low,Constraint,General system context,Optional upstream dependency,Probable,Supporting context for DMS-7_DRIVER_GAZE_ESTIMATION testcase,SRS Export/SRS Export/SRS_Diagnostics/DTCFailureType  ($6082)/
DMS-7_DRIVER_GAZE_ESTIMATION,ECU_Time_first_DTC_detection_(EEPROM)  ($200B),-1,Upstream,Low,Constraint,General system context,Optional upstream dependency,Probable,Supporting context for DMS-7_DRIVER_GAZE_ESTIMATION testcase,SRS Export/SRS Export/SRS_Diagnostics/ECU_Time_first_DTC_detection_(EEPROM)  ($200B)/
DMS-7_DRIVER_GAZE_ESTIMATION,ECU_time_stamps_from_KeyOn_(EEPROM)  ($2009),-2,Upstream,High,"Setup, Activation",Ignition status and key position,High priority upstream dependency,Confirmed,Important for DMS-7_DRIVER_GAZE_ESTIMATION testcase activation,SRS Export/SRS Export/SRS_Diagnostics/ECU_time_stamps_from_KeyOn_(EEPROM)  ($2009)/
DMS-7_DRIVER_GAZE_ESTIMATION,ECU_time_stamps_from_KeyOn_(RAM)_($1009),-2,Upstream,High,"Setup, Activation",Ignition status and key position,High priority upstream dependency,Confirmed,Important for DMS-7_DRIVER_GAZE_ESTIMATION testcase activation,SRS Export/SRS Export/SRS_Diagnostics/ECU_time_stamps_from_KeyOn_(RAM)_($1009)/
DMS-7_DRIVER_GAZE_ESTIMATION,ECU_Time_Stamps_from_KeyOn_first_DTC_detection_(EEPROM)  ($200C),-2,Upstream,High,"Setup, Activation",Ignition status and key position,High priority upstream dependency,Confirmed,Important for DMS-7_DRIVER_GAZE_ESTIMATION testcase activation,SRS Export/SRS Export/SRS_Diagnostics/ECU_Time_Stamps_from_KeyOn_first_DTC_detection_(EEPROM)  ($200C)/
DMS-7_DRIVER_GAZE_ESTIMATION,EOL_Calibration_Pattern_Height_-_FL_($FE7A),-2,Upstream,High,"Setup, Activation",Calibration parameters and tolerances,High priority upstream dependency,Confirmed,Important for DMS-7_DRIVER_GAZE_ESTIMATION testcase activation,SRS Export/SRS Export/SRS_Diagnostics/EOL_Calibration_Pattern_Height_-_FL_($FE7A)/
DMS-7_DRIVER_GAZE_ESTIMATION,EOL_Calibration_Pattern_Height_-_FR_($FE7B),-2,Upstream,High,"Setup, Activation",Calibration parameters and tolerances,High priority upstream dependency,Confirmed,Important for DMS-7_DRIVER_GAZE_ESTIMATION testcase activation,SRS Export/SRS Export/SRS_Diagnostics/EOL_Calibration_Pattern_Height_-_FR_($FE7B)/
DMS-7_DRIVER_GAZE_ESTIMATION,EOL_Calibration_Pattern_Height_-_RL_($FE7C),-2,Upstream,High,"Setup, Activation",Calibration parameters and tolerances,High priority upstream dependency,Confirmed,Important for DMS-7_DRIVER_GAZE_ESTIMATION testcase activation,SRS Export/SRS Export/SRS_Diagnostics/EOL_Calibration_Pattern_Height_-_RL_($FE7C)/
DMS-7_DRIVER_GAZE_ESTIMATION,EOL_Calibration_Pattern_Height_-_RR_($FE7D),-2,Upstream,High,"Setup, Activation",Calibration parameters and tolerances,High priority upstream dependency,Confirmed,Important for DMS-7_DRIVER_GAZE_ESTIMATION testcase activation,SRS Export/SRS Export/SRS_Diagnostics/EOL_Calibration_Pattern_Height_-_RR_($FE7D)/
DMS-7_DRIVER_GAZE_ESTIMATION,Flat_Audio_Calibration_($0529),-2,Upstream,High,"Setup, Activation",Calibration parameters and tolerances,High priority upstream dependency,Confirmed,Important for DMS-7_DRIVER_GAZE_ESTIMATION testcase activation,SRS Export/SRS Export/SRS_Diagnostics/Flat_Audio_Calibration_($0529)/
DMS-7_DRIVER_GAZE_ESTIMATION,Flat_Audio_Calibration_(0xD85054),-2,Upstream,High,"Setup, Activation",Calibration parameters and tolerances,High priority upstream dependency,Confirmed,Important for DMS-7_DRIVER_GAZE_ESTIMATION testcase activation,SRS Export/SRS Export/SRS_Diagnostics/Flat_Audio_Calibration_(0xD85054)/
DMS-7_DRIVER_GAZE_ESTIMATION,Front_Camera_-_Intrinsics_parameters_($FE64),-2,Upstream,High,"Setup, Activation",Camera system configuration and status,High priority upstream dependency,Confirmed,Important for DMS-7_DRIVER_GAZE_ESTIMATION testcase activation,SRS Export/SRS Export/SRS_Diagnostics/Front_Camera_-_Intrinsics_parameters_($FE64)/
DMS-7_DRIVER_GAZE_ESTIMATION,GRAPH_PARAMETERS_($052E),-2,Upstream,High,"Setup, Activation",General system context,High priority upstream dependency,Confirmed,Important for DMS-7_DRIVER_GAZE_ESTIMATION testcase activation,SRS Export/SRS Export/SRS_Diagnostics/GRAPH_PARAMETERS_($052E)/
DMS-7_DRIVER_GAZE_ESTIMATION,"HMI_CAN_Bus-off_(0xD001,_0x88)",-2,Upstream,High,"Setup, Activation",CAN bus communication status,High priority upstream dependency,Confirmed,Important for DMS-7_DRIVER_GAZE_ESTIMATION testcase activation,"SRS Export/SRS Export/SRS_Diagnostics/HMI_CAN_Bus-off_(0xD001,_0x88)/"
DMS-7_DRIVER_GAZE_ESTIMATION,"HMI_CAN_Missing_Message_(0xD001,_0x87)",-2,Upstream,High,"Setup, Activation",CAN bus communication status,High priority upstream dependency,Confirmed,Important for DMS-7_DRIVER_GAZE_ESTIMATION testcase activation,"SRS Export/SRS Export/SRS_Diagnostics/HMI_CAN_Missing_Message_(0xD001,_0x87)/"
DMS-7_DRIVER_GAZE_ESTIMATION,INTERIOR_BUTTON_LIGHTS_($0508),-1,Upstream,Low,Constraint,General system context,Optional upstream dependency,Probable,Supporting context for DMS-7_DRIVER_GAZE_ESTIMATION testcase,SRS Export/SRS Export/SRS_Diagnostics/INTERIOR_BUTTON_LIGHTS_($0508)/
DMS-7_DRIVER_GAZE_ESTIMATION,KeyOn_counter_(EEPROM)  ($200A),-2,Upstream,High,"Setup, Activation",Ignition status and key position,High priority upstream dependency,Confirmed,Important for DMS-7_DRIVER_GAZE_ESTIMATION testcase activation,SRS Export/SRS Export/SRS_Diagnostics/KeyOn_counter_(EEPROM)  ($200A)/
DMS-7_DRIVER_GAZE_ESTIMATION,KeyOn_Counter_Status_(EEPROM)  ($200F),-2,Upstream,High,"Setup, Activation",Ignition status and key position,High priority upstream dependency,Confirmed,Important for DMS-7_DRIVER_GAZE_ESTIMATION testcase activation,SRS Export/SRS Export/SRS_Diagnostics/KeyOn_Counter_Status_(EEPROM)  ($200F)/
DMS-7_DRIVER_GAZE_ESTIMATION,Left_Camera_-_Intrinsics_parameters_($FE70),-2,Upstream,High,"Setup, Activation",Camera system configuration and status,High priority upstream dependency,Confirmed,Important for DMS-7_DRIVER_GAZE_ESTIMATION testcase activation,SRS Export/SRS Export/SRS_Diagnostics/Left_Camera_-_Intrinsics_parameters_($FE70)/
DMS-7_DRIVER_GAZE_ESTIMATION,Logic,1,Downstream,Low,FailureCheck,General gaze estimation context,Optional downstream dependency,Probable,Logic testcase optionally uses DMS-7_DRIVER_GAZE_ESTIMATION context,SRS Export/SRS Export/SRS_Diagnostics/Logic/
DMS-7_DRIVER_GAZE_ESTIMATION,Logistic_Mode,1,Downstream,Low,FailureCheck,General gaze estimation context,Optional downstream dependency,Probable,Logistic_Mode testcase optionally uses DMS-7_DRIVER_GAZE_ESTIMATION context,SRS Export/SRS Export/SRS_Diagnostics/Logistic_Mode/
DMS-7_DRIVER_GAZE_ESTIMATION,Rear_Camera_-_Intrinsics_parameters_($FE6A),-2,Upstream,High,"Setup, Activation",Camera system configuration and status,High priority upstream dependency,Confirmed,Important for DMS-7_DRIVER_GAZE_ESTIMATION testcase activation,SRS Export/SRS Export/SRS_Diagnostics/Rear_Camera_-_Intrinsics_parameters_($FE6A)/
DMS-7_DRIVER_GAZE_ESTIMATION,Right_Camera_-_Intrinsics_parameters_($FE76),-2,Upstream,High,"Setup, Activation",Camera system configuration and status,High priority upstream dependency,Confirmed,Important for DMS-7_DRIVER_GAZE_ESTIMATION testcase activation,SRS Export/SRS Export/SRS_Diagnostics/Right_Camera_-_Intrinsics_parameters_($FE76)/
DMS-7_DRIVER_GAZE_ESTIMATION,Routine_Output_Data_parameters,-2,Upstream,High,"Setup, Activation",General system context,High priority upstream dependency,Confirmed,Important for DMS-7_DRIVER_GAZE_ESTIMATION testcase activation,SRS Export/SRS Export/SRS_Diagnostics/Routine_Output_Data_parameters/
DMS-7_DRIVER_GAZE_ESTIMATION,S2R_calibration,-2,Upstream,High,"Setup, Activation",Calibration parameters and tolerances,High priority upstream dependency,Confirmed,Important for DMS-7_DRIVER_GAZE_ESTIMATION testcase activation,SRS Export/SRS Export/SRS_Diagnostics/S2R_calibration/
DMS-7_DRIVER_GAZE_ESTIMATION,"SVS_-_Intrinsics_Parameter_Fail_(0x9110,_0x91)",-2,Upstream,High,"Setup, Activation",General system context,High priority upstream dependency,Confirmed,Important for DMS-7_DRIVER_GAZE_ESTIMATION testcase activation,"SRS Export/SRS Export/SRS_Diagnostics/SVS_-_Intrinsics_Parameter_Fail_(0x9110,_0x91)/"
DMS-7_DRIVER_GAZE_ESTIMATION,"SVS_-_Missing_Calibration_(0x9110,_0x54)",-2,Upstream,High,"Setup, Activation",Calibration parameters and tolerances,High priority upstream dependency,Confirmed,Important for DMS-7_DRIVER_GAZE_ESTIMATION testcase activation,"SRS Export/SRS Export/SRS_Diagnostics/SVS_-_Missing_Calibration_(0x9110,_0x54)/"
DMS-7_DRIVER_GAZE_ESTIMATION,"SVS_- Calibration_Fail_(0x9110,_0x46)",-2,Upstream,High,"Setup, Activation",Calibration parameters and tolerances,High priority upstream dependency,Confirmed,Important for DMS-7_DRIVER_GAZE_ESTIMATION testcase activation,"SRS Export/SRS Export/SRS_Diagnostics/SVS_- Calibration_Fail_(0x9110,_0x46)/"
DMS-7_DRIVER_GAZE_ESTIMATION,SVS_EOL_Calibration_($F001),-2,Upstream,High,"Setup, Activation",Calibration parameters and tolerances,High priority upstream dependency,Confirmed,Important for DMS-7_DRIVER_GAZE_ESTIMATION testcase activation,SRS Export/SRS Export/SRS_Diagnostics/SVS_EOL_Calibration_($F001)/
DMS-7_DRIVER_GAZE_ESTIMATION,SXM_CALIBRATION($TBD),-2,Upstream,High,"Setup, Activation",Calibration parameters and tolerances,High priority upstream dependency,Confirmed,Important for DMS-7_DRIVER_GAZE_ESTIMATION testcase activation,SRS Export/SRS Export/SRS_Diagnostics/SXM_CALIBRATION($TBD)/
DMS-7_DRIVER_GAZE_ESTIMATION,Telemetry_parameters_configuration  ($20BA),-2,Upstream,High,"Setup, Activation",General system context,High priority upstream dependency,Confirmed,Important for DMS-7_DRIVER_GAZE_ESTIMATION testcase activation,SRS Export/SRS Export/SRS_Diagnostics/Telemetry_parameters_configuration  ($20BA)/
DMS-7_DRIVER_GAZE_ESTIMATION,Trip_Parameters  ($20B0),-2,Upstream,High,"Setup, Activation",General system context,High priority upstream dependency,Confirmed,Important for DMS-7_DRIVER_GAZE_ESTIMATION testcase activation,SRS Export/SRS Export/SRS_Diagnostics/Trip_Parameters  ($20B0)/
DMS-7_DRIVER_GAZE_ESTIMATION,T_POWER_MANAGEMENT_($0503),-3,Upstream,Critical,"Precondition, Setup",Power state and voltage requirements,Critical upstream dependency for testcase preconditions,Confirmed,Required for DMS-7_DRIVER_GAZE_ESTIMATION testcase setup,SRS Export/SRS Export/SRS_Diagnostics/T_POWER_MANAGEMENT_($0503)/
DMS-7_DRIVER_GAZE_ESTIMATION,Yaw_rate_sensor_parameters  ($2033),-2,Upstream,High,"Setup, Activation",General system context,High priority upstream dependency,Confirmed,Important for DMS-7_DRIVER_GAZE_ESTIMATION testcase activation,SRS Export/SRS Export/SRS_Diagnostics/Yaw_rate_sensor_parameters  ($2033)/
DMS-7_DRIVER_GAZE_ESTIMATION,DMS-14_Debug_Info_during_development_phase,2,Downstream,High,Verification,Gaze estimation debug information and quality metrics,High priority downstream dependency,Confirmed,DMS-14_Debug_Info_during_development_phase testcase enhanced by DMS-7_DRIVER_GAZE_ESTIMATION context,SRS Export/SRS Export/SRS_DMS/DMS-14_Debug_Info_during_development_phase/
DMS-7_DRIVER_GAZE_ESTIMATION,DMS-14__Debug_Info_during_development_phase,2,Downstream,High,Verification,Gaze estimation debug information and quality metrics,High priority downstream dependency,Confirmed,DMS-14__Debug_Info_during_development_phase testcase enhanced by DMS-7_DRIVER_GAZE_ESTIMATION context,SRS Export/SRS Export/SRS_DMS/DMS-14__Debug_Info_during_development_phase/
DMS-7_DRIVER_GAZE_ESTIMATION,DMS-1_DMS_ACTIVATION_STATES_MANAGEMENT,-3,Upstream,Critical,"Precondition, Setup",DMS system status and operational state,Critical upstream dependency for testcase preconditions,Confirmed,Required for DMS-7_DRIVER_GAZE_ESTIMATION testcase setup,SRS Export/SRS Export/SRS_DMS/DMS-1_DMS_ACTIVATION_STATES_MANAGEMENT/
DMS-7_DRIVER_GAZE_ESTIMATION,DMS-1_DMS_State_Active,-3,Upstream,Critical,"Precondition, Setup",DMS system status and operational state,Critical upstream dependency for testcase preconditions,Confirmed,Required for DMS-7_DRIVER_GAZE_ESTIMATION testcase setup,SRS Export/SRS Export/SRS_DMS/DMS-1_DMS_State_Active/
DMS-7_DRIVER_GAZE_ESTIMATION,DMS-1_DMS_State_INIT,-3,Upstream,Critical,"Precondition, Setup",DMS system status and operational state,Critical upstream dependency for testcase preconditions,Confirmed,Required for DMS-7_DRIVER_GAZE_ESTIMATION testcase setup,SRS Export/SRS Export/SRS_DMS/DMS-1_DMS_State_INIT/
DMS-7_DRIVER_GAZE_ESTIMATION,DMS-1_DMS_State_USER_PRESENCE,-3,Upstream,Critical,"Precondition, Setup",DMS system status and operational state,Critical upstream dependency for testcase preconditions,Confirmed,Required for DMS-7_DRIVER_GAZE_ESTIMATION testcase setup,SRS Export/SRS Export/SRS_DMS/DMS-1_DMS_State_USER_PRESENCE/
DMS-7_DRIVER_GAZE_ESTIMATION,DMS-1_Running_State,-3,Upstream,Critical,"Precondition, Setup",DMS system status and operational state,Critical upstream dependency for testcase preconditions,Confirmed,Required for DMS-7_DRIVER_GAZE_ESTIMATION testcase setup,SRS Export/SRS Export/SRS_DMS/DMS-1_Running_State/
DMS-7_DRIVER_GAZE_ESTIMATION,DMS-1_State_DEGRADED,-3,Upstream,Critical,"Precondition, Setup",DMS system status and operational state,Critical upstream dependency for testcase preconditions,Confirmed,Required for DMS-7_DRIVER_GAZE_ESTIMATION testcase setup,SRS Export/SRS Export/SRS_DMS/DMS-1_State_DEGRADED/
DMS-7_DRIVER_GAZE_ESTIMATION,DMS-1_Warning_State,-3,Upstream,Critical,"Precondition, Setup",DMS system status and operational state,Critical upstream dependency for testcase preconditions,Confirmed,Required for DMS-7_DRIVER_GAZE_ESTIMATION testcase setup,SRS Export/SRS Export/SRS_DMS/DMS-1_Warning_State/
DMS-7_DRIVER_GAZE_ESTIMATION,DMS-1__DMS_State_Active,-3,Upstream,Critical,"Precondition, Setup",DMS system status and operational state,Critical upstream dependency for testcase preconditions,Confirmed,Required for DMS-7_DRIVER_GAZE_ESTIMATION testcase setup,SRS Export/SRS Export/SRS_DMS/DMS-1__DMS_State_Active/
DMS-7_DRIVER_GAZE_ESTIMATION,DMS-1__DMS_State_INIT,-3,Upstream,Critical,"Precondition, Setup",DMS system status and operational state,Critical upstream dependency for testcase preconditions,Confirmed,Required for DMS-7_DRIVER_GAZE_ESTIMATION testcase setup,SRS Export/SRS Export/SRS_DMS/DMS-1__DMS_State_INIT/
DMS-7_DRIVER_GAZE_ESTIMATION,DMS-1__DMS_State_USER_PRESENCE,-3,Upstream,Critical,"Precondition, Setup",DMS system status and operational state,Critical upstream dependency for testcase preconditions,Confirmed,Required for DMS-7_DRIVER_GAZE_ESTIMATION testcase setup,SRS Export/SRS Export/SRS_DMS/DMS-1__DMS_State_USER_PRESENCE/
DMS-7_DRIVER_GAZE_ESTIMATION,DMS-1__Running_State,-3,Upstream,Critical,"Precondition, Setup",DMS system status and operational state,Critical upstream dependency for testcase preconditions,Confirmed,Required for DMS-7_DRIVER_GAZE_ESTIMATION testcase setup,SRS Export/SRS Export/SRS_DMS/DMS-1__Running_State/
DMS-7_DRIVER_GAZE_ESTIMATION,DMS-1__State_DEGRADED,-3,Upstream,Critical,"Precondition, Setup",DMS system status and operational state,Critical upstream dependency for testcase preconditions,Confirmed,Required for DMS-7_DRIVER_GAZE_ESTIMATION testcase setup,SRS Export/SRS Export/SRS_DMS/DMS-1__State_DEGRADED/
DMS-7_DRIVER_GAZE_ESTIMATION,DMS-1__Warning_State,-3,Upstream,Critical,"Precondition, Setup",DMS system status and operational state,Critical upstream dependency for testcase preconditions,Confirmed,Required for DMS-7_DRIVER_GAZE_ESTIMATION testcase setup,SRS Export/SRS Export/SRS_DMS/DMS-1__Warning_State/
DMS-7_DRIVER_GAZE_ESTIMATION,DMS_1_ERROR State,-3,Upstream,Critical,"Precondition, Setup",DMS system status and operational state,Critical upstream dependency for testcase preconditions,Confirmed,Required for DMS-7_DRIVER_GAZE_ESTIMATION testcase setup,SRS Export/SRS Export/SRS_DMS/DMS_1_ERROR State/
DMS-7_DRIVER_GAZE_ESTIMATION,DMS_system_calibration,-2,Upstream,High,"Setup, Activation",DMS system status and operational state; Calibration parameters and tolerances,High priority upstream dependency,Confirmed,Important for DMS-7_DRIVER_GAZE_ESTIMATION testcase activation,SRS Export/SRS Export/SRS_DMS/DMS_system_calibration/
DMS-7_DRIVER_GAZE_ESTIMATION,6.3.2.2.4_S.W._Driver_action_HMI_inhibition,3,Downstream,Critical,"ExpectedResult, Verification",Gaze direction visualization and cabin area status,Critical downstream dependency for verification,Confirmed,6.3.2.2.4_S.W._Driver_action_HMI_inhibition testcase requires DMS-7_DRIVER_GAZE_ESTIMATION context for verification,SRS Export/SRS Export/SRS_HMI Software/6.3.2.2.4_S.W._Driver_action_HMI_inhibition/
DMS-7_DRIVER_GAZE_ESTIMATION,Adaptive Front_Lighting_System -_HMI_settings,-1,Upstream,Low,Constraint,General system context,Optional upstream dependency,Probable,Supporting context for DMS-7_DRIVER_GAZE_ESTIMATION testcase,SRS Export/SRS Export/SRS_HMI Software/Adaptive Front_Lighting_System -_HMI_settings/
DMS-7_DRIVER_GAZE_ESTIMATION,Air_Quality,1,Downstream,Low,FailureCheck,General gaze estimation context,Optional downstream dependency,Probable,Air_Quality testcase optionally uses DMS-7_DRIVER_GAZE_ESTIMATION context,SRS Export/SRS Export/SRS_HMI Software/Air_Quality/
DMS-7_DRIVER_GAZE_ESTIMATION,Ambient_Light,-1,Upstream,Low,Constraint,General system context,Optional upstream dependency,Probable,Supporting context for DMS-7_DRIVER_GAZE_ESTIMATION testcase,SRS Export/SRS Export/SRS_HMI Software/Ambient_Light/
DMS-7_DRIVER_GAZE_ESTIMATION,AUS-0_Audio_settings_via_Diagnostics,-1,Upstream,Low,Constraint,General system context,Optional upstream dependency,Probable,Supporting context for DMS-7_DRIVER_GAZE_ESTIMATION testcase,SRS Export/SRS Export/SRS_HMI Software/AUS-0_Audio_settings_via_Diagnostics/
DMS-7_DRIVER_GAZE_ESTIMATION,AUS-0__Audio_settings_via_Diagnostics,-1,Upstream,Low,Constraint,General system context,Optional upstream dependency,Probable,Supporting context for DMS-7_DRIVER_GAZE_ESTIMATION testcase,SRS Export/SRS Export/SRS_HMI Software/AUS-0__Audio_settings_via_Diagnostics/
DMS-7_DRIVER_GAZE_ESTIMATION,Automatic_activation_(Profile_linked_to_a_key_or_Guest_profile),-2,Upstream,High,"Setup, Activation",Ignition status and key position,High priority upstream dependency,Confirmed,Important for DMS-7_DRIVER_GAZE_ESTIMATION testcase activation,SRS Export/SRS Export/SRS_HMI Software/Automatic_activation_(Profile_linked_to_a_key_or_Guest_profile)/
DMS-7_DRIVER_GAZE_ESTIMATION,Availability_based_on_Key_Presence_in_cabin,-2,Upstream,High,"Setup, Activation",Ignition status and key position,High priority upstream dependency,Confirmed,Important for DMS-7_DRIVER_GAZE_ESTIMATION testcase activation,SRS Export/SRS Export/SRS_HMI Software/Availability_based_on_Key_Presence_in_cabin/
DMS-7_DRIVER_GAZE_ESTIMATION,Brightness_-Central_Display_-_HMI_settings,1,Downstream,Low,FailureCheck,Gaze direction visualization and cabin area status,Optional downstream dependency,Probable,Brightness_-Central_Display_-_HMI_settings testcase optionally uses DMS-7_DRIVER_GAZE_ESTIMATION context,SRS Export/SRS Export/SRS_HMI Software/Brightness_-Central_Display_-_HMI_settings/
DMS-7_DRIVER_GAZE_ESTIMATION,Chill_Mode_Or_All_Ambient_Light_-_HMI_settings,-1,Upstream,Low,Constraint,General system context,Optional upstream dependency,Probable,Supporting context for DMS-7_DRIVER_GAZE_ESTIMATION testcase,SRS Export/SRS Export/SRS_HMI Software/Chill_Mode_Or_All_Ambient_Light_-_HMI_settings/
DMS-7_DRIVER_GAZE_ESTIMATION,Driver_Positions_Memories_Saving_logic,1,Downstream,Low,FailureCheck,General gaze estimation context,Optional downstream dependency,Probable,Driver_Positions_Memories_Saving_logic testcase optionally uses DMS-7_DRIVER_GAZE_ESTIMATION context,SRS Export/SRS Export/SRS_HMI Software/Driver_Positions_Memories_Saving_logic/
DMS-7_DRIVER_GAZE_ESTIMATION,Driver_Seat_- Behavior_at_wake_up,2,Downstream,High,Verification,General gaze estimation context,High priority downstream dependency,Confirmed,Driver_Seat_- Behavior_at_wake_up testcase enhanced by DMS-7_DRIVER_GAZE_ESTIMATION context,SRS Export/SRS Export/SRS_HMI Software/Driver_Seat_- Behavior_at_wake_up/
DMS-7_DRIVER_GAZE_ESTIMATION,ENG-1_Logic_of_access,1,Downstream,Low,FailureCheck,General gaze estimation context,Optional downstream dependency,Probable,ENG-1_Logic_of_access testcase optionally uses DMS-7_DRIVER_GAZE_ESTIMATION context,SRS Export/SRS Export/SRS_HMI Software/ENG-1_Logic_of_access/
DMS-7_DRIVER_GAZE_ESTIMATION,ENG-3_Download_log,1,Downstream,Low,FailureCheck,General gaze estimation context,Optional downstream dependency,Probable,ENG-3_Download_log testcase optionally uses DMS-7_DRIVER_GAZE_ESTIMATION context,SRS Export/SRS Export/SRS_HMI Software/ENG-3_Download_log/
DMS-7_DRIVER_GAZE_ESTIMATION,ExternalLightSensorLevel_-_HMI_settings,-1,Upstream,Low,Constraint,General system context,Optional upstream dependency,Probable,Supporting context for DMS-7_DRIVER_GAZE_ESTIMATION testcase,SRS Export/SRS Export/SRS_HMI Software/ExternalLightSensorLevel_-_HMI_settings/
DMS-7_DRIVER_GAZE_ESTIMATION,Keyboard,-2,Upstream,High,"Setup, Activation",Ignition status and key position,High priority upstream dependency,Confirmed,Important for DMS-7_DRIVER_GAZE_ESTIMATION testcase activation,SRS Export/SRS Export/SRS_HMI Software/Keyboard/
DMS-7_DRIVER_GAZE_ESTIMATION,Keyboards,-2,Upstream,High,"Setup, Activation",Ignition status and key position,High priority upstream dependency,Confirmed,Important for DMS-7_DRIVER_GAZE_ESTIMATION testcase activation,SRS Export/SRS Export/SRS_HMI Software/Keyboards/
DMS-7_DRIVER_GAZE_ESTIMATION,Performance,1,Downstream,Low,FailureCheck,General gaze estimation context,Optional downstream dependency,Probable,Performance testcase optionally uses DMS-7_DRIVER_GAZE_ESTIMATION context,SRS Export/SRS Export/SRS_HMI Software/Performance/
DMS-7_DRIVER_GAZE_ESTIMATION,PFL-2_Profile-Key_Pairing,-2,Upstream,High,"Setup, Activation",Ignition status and key position,High priority upstream dependency,Confirmed,Important for DMS-7_DRIVER_GAZE_ESTIMATION testcase activation,SRS Export/SRS Export/SRS_HMI Software/PFL-2_Profile-Key_Pairing/
DMS-7_DRIVER_GAZE_ESTIMATION,PFL-8_Profile_Disconnection_from_key,-2,Upstream,High,"Setup, Activation",Ignition status and key position,High priority upstream dependency,Confirmed,Important for DMS-7_DRIVER_GAZE_ESTIMATION testcase activation,SRS Export/SRS Export/SRS_HMI Software/PFL-8_Profile_Disconnection_from_key/
DMS-7_DRIVER_GAZE_ESTIMATION,Power_Management,-3,Upstream,Critical,"Precondition, Setup",Power state and voltage requirements,Critical upstream dependency for testcase preconditions,Confirmed,Required for DMS-7_DRIVER_GAZE_ESTIMATION testcase setup,SRS Export/SRS Export/SRS_HMI Software/Power_Management/
DMS-7_DRIVER_GAZE_ESTIMATION,PRK-0_Surround_View_Management_EOL_Configuration_Parameters,-2,Upstream,High,"Setup, Activation",General system context,High priority upstream dependency,Confirmed,Important for DMS-7_DRIVER_GAZE_ESTIMATION testcase activation,SRS Export/SRS Export/SRS_HMI Software/PRK-0_Surround_View_Management_EOL_Configuration_Parameters/
DMS-7_DRIVER_GAZE_ESTIMATION,PRK-0__Surround_View_Management_EOL_Configuration_Parameters,-2,Upstream,High,"Setup, Activation",General system context,High priority upstream dependency,Confirmed,Important for DMS-7_DRIVER_GAZE_ESTIMATION testcase activation,SRS Export/SRS Export/SRS_HMI Software/PRK-0__Surround_View_Management_EOL_Configuration_Parameters/
DMS-7_DRIVER_GAZE_ESTIMATION,PRK-17_EOL_CALIBRATION_MANAGEMENT,-2,Upstream,High,"Setup, Activation",Calibration parameters and tolerances,High priority upstream dependency,Confirmed,Important for DMS-7_DRIVER_GAZE_ESTIMATION testcase activation,SRS Export/SRS Export/SRS_HMI Software/PRK-17_EOL_CALIBRATION_MANAGEMENT/
DMS-7_DRIVER_GAZE_ESTIMATION,PRK-18_ONLINE_CALIBRATION,-2,Upstream,High,"Setup, Activation",Calibration parameters and tolerances,High priority upstream dependency,Confirmed,Important for DMS-7_DRIVER_GAZE_ESTIMATION testcase activation,SRS Export/SRS Export/SRS_HMI Software/PRK-18_ONLINE_CALIBRATION/
DMS-7_DRIVER_GAZE_ESTIMATION,PRK-4_Camera_View_Warning_calibration_(only_for_Surround_View),-2,Upstream,High,"Setup, Activation",Camera system configuration and status; Calibration parameters and tolerances,High priority upstream dependency,Confirmed,Important for DMS-7_DRIVER_GAZE_ESTIMATION testcase activation,SRS Export/SRS Export/SRS_HMI Software/PRK-4_Camera_View_Warning_calibration_(only_for_Surround_View)/
DMS-7_DRIVER_GAZE_ESTIMATION,SET-30_Cabin_Ambient_Light,-1,Upstream,Low,Constraint,General system context,Optional upstream dependency,Probable,Supporting context for DMS-7_DRIVER_GAZE_ESTIMATION testcase,SRS Export/SRS Export/SRS_HMI Software/SET-30_Cabin_Ambient_Light/
DMS-7_DRIVER_GAZE_ESTIMATION,SET-31_Interior_button_lights,-1,Upstream,Low,Constraint,General system context,Optional upstream dependency,Probable,Supporting context for DMS-7_DRIVER_GAZE_ESTIMATION testcase,SRS Export/SRS Export/SRS_HMI Software/SET-31_Interior_button_lights/
DMS-7_DRIVER_GAZE_ESTIMATION,SET-32_Cabin_Footwell_Lights,-1,Upstream,Low,Constraint,General system context,Optional upstream dependency,Probable,Supporting context for DMS-7_DRIVER_GAZE_ESTIMATION testcase,SRS Export/SRS Export/SRS_HMI Software/SET-32_Cabin_Footwell_Lights/
DMS-7_DRIVER_GAZE_ESTIMATION,SET-33_Attenuation_Light,-1,Upstream,Low,Constraint,General system context,Optional upstream dependency,Probable,Supporting context for DMS-7_DRIVER_GAZE_ESTIMATION testcase,SRS Export/SRS Export/SRS_HMI Software/SET-33_Attenuation_Light/
DMS-7_DRIVER_GAZE_ESTIMATION,SET-34_Rear_dome_light,-1,Upstream,Low,Constraint,General system context,Optional upstream dependency,Probable,Supporting context for DMS-7_DRIVER_GAZE_ESTIMATION testcase,SRS Export/SRS Export/SRS_HMI Software/SET-34_Rear_dome_light/
DMS-7_DRIVER_GAZE_ESTIMATION,SET-35_Courtesy_Light_at_door_opening,-1,Upstream,Low,Constraint,General system context,Optional upstream dependency,Probable,Supporting context for DMS-7_DRIVER_GAZE_ESTIMATION testcase,SRS Export/SRS Export/SRS_HMI Software/SET-35_Courtesy_Light_at_door_opening/
DMS-7_DRIVER_GAZE_ESTIMATION,SET-4_Light_(dusk)_sensor_sensibility,-1,Upstream,Low,Constraint,General system context,Optional upstream dependency,Probable,Supporting context for DMS-7_DRIVER_GAZE_ESTIMATION testcase,SRS Export/SRS Export/SRS_HMI Software/SET-4_Light_(dusk)_sensor_sensibility/
DMS-7_DRIVER_GAZE_ESTIMATION,SET-67-Long_Parking_- SOMEIP_Service_Logic,1,Downstream,Low,FailureCheck,General gaze estimation context,Optional downstream dependency,Probable,SET-67-Long_Parking_- SOMEIP_Service_Logic testcase optionally uses DMS-7_DRIVER_GAZE_ESTIMATION context,SRS Export/SRS Export/SRS_HMI Software/SET-67-Long_Parking_- SOMEIP_Service_Logic/
DMS-7_DRIVER_GAZE_ESTIMATION,SET-67-L_ong_Parking_- SOMEIP_Service_Logic,1,Downstream,Low,FailureCheck,General gaze estimation context,Optional downstream dependency,Probable,SET-67-L_ong_Parking_- SOMEIP_Service_Logic testcase optionally uses DMS-7_DRIVER_GAZE_ESTIMATION context,SRS Export/SRS Export/SRS_HMI Software/SET-67-L_ong_Parking_- SOMEIP_Service_Logic/
DMS-7_DRIVER_GAZE_ESTIMATION,SET-7_Keyboard_Layout,-2,Upstream,High,"Setup, Activation",Ignition status and key position,High priority upstream dependency,Confirmed,Important for DMS-7_DRIVER_GAZE_ESTIMATION testcase activation,SRS Export/SRS Export/SRS_HMI Software/SET-7_Keyboard_Layout/
DMS-7_DRIVER_GAZE_ESTIMATION,SET-8_Chill_Mode_Or_All_Ambient_Light,-1,Upstream,Low,Constraint,General system context,Optional upstream dependency,Probable,Supporting context for DMS-7_DRIVER_GAZE_ESTIMATION testcase,SRS Export/SRS Export/SRS_HMI Software/SET-8_Chill_Mode_Or_All_Ambient_Light/
DMS-7_DRIVER_GAZE_ESTIMATION,SET-F135_TPMS_Calibration,-2,Upstream,High,"Setup, Activation",Calibration parameters and tolerances,High priority upstream dependency,Confirmed,Important for DMS-7_DRIVER_GAZE_ESTIMATION testcase activation,SRS Export/SRS Export/SRS_HMI Software/SET-F135_TPMS_Calibration/
DMS-7_DRIVER_GAZE_ESTIMATION,SET-F247_Parking_Lights,-1,Upstream,Low,Constraint,General system context,Optional upstream dependency,Probable,Supporting context for DMS-7_DRIVER_GAZE_ESTIMATION testcase,SRS Export/SRS Export/SRS_HMI Software/SET-F247_Parking_Lights/
DMS-7_DRIVER_GAZE_ESTIMATION,Settings_Logic,1,Downstream,Low,FailureCheck,General gaze estimation context,Optional downstream dependency,Probable,Settings_Logic testcase optionally uses DMS-7_DRIVER_GAZE_ESTIMATION context,SRS Export/SRS Export/SRS_HMI Software/Settings_Logic/
DMS-7_DRIVER_GAZE_ESTIMATION,VFI-f067-Driver_Seat_&_Steering_wheel_position_-_Sound_logic,1,Downstream,Low,FailureCheck,General gaze estimation context,Optional downstream dependency,Probable,VFI-f067-Driver_Seat_&_Steering_wheel_position_-_Sound_logic testcase optionally uses DMS-7_DRIVER_GAZE_ESTIMATION context,SRS Export/SRS Export/SRS_HMI Software/VFI-f067-Driver_Seat_&_Steering_wheel_position_-_Sound_logic/
DMS-7_DRIVER_GAZE_ESTIMATION,VFI-F200_Dependence_on_vehicle_state_conditions,-2,Upstream,High,"Setup, Activation",Vehicle state and operational mode,High priority upstream dependency,Confirmed,Important for DMS-7_DRIVER_GAZE_ESTIMATION testcase activation,SRS Export/SRS Export/SRS_HMI Software/VFI-F200_Dependence_on_vehicle_state_conditions/
DMS-7_DRIVER_GAZE_ESTIMATION,VFI-F601_Logistic_Mode,1,Downstream,Low,FailureCheck,General gaze estimation context,Optional downstream dependency,Probable,VFI-F601_Logistic_Mode testcase optionally uses DMS-7_DRIVER_GAZE_ESTIMATION context,SRS Export/SRS Export/SRS_HMI Software/VFI-F601_Logistic_Mode/
DMS-7_DRIVER_GAZE_ESTIMATION,VEH-F027_Position_Lights_DRL_and_Parking_Lights_Management,-1,Upstream,Low,Constraint,General system context,Optional upstream dependency,Probable,Supporting context for DMS-7_DRIVER_GAZE_ESTIMATION testcase,SRS Export/SRS Export/SRS_Instrument Cluster/VEH-F027_Position_Lights_DRL_and_Parking_Lights_Management/
DMS-7_DRIVER_GAZE_ESTIMATION,VEH-F030_Plate_Light,-1,Upstream,Low,Constraint,General system context,Optional upstream dependency,Probable,Supporting context for DMS-7_DRIVER_GAZE_ESTIMATION testcase,SRS Export/SRS Export/SRS_Instrument Cluster/VEH-F030_Plate_Light/
DMS-7_DRIVER_GAZE_ESTIMATION,VEH-F033_Rear_Fog_Light,-1,Upstream,Low,Constraint,General system context,Optional upstream dependency,Probable,Supporting context for DMS-7_DRIVER_GAZE_ESTIMATION testcase,SRS Export/SRS Export/SRS_Instrument Cluster/VEH-F033_Rear_Fog_Light/
DMS-7_DRIVER_GAZE_ESTIMATION,VEH-F040_Key_Status,-2,Upstream,High,"Setup, Activation",Ignition status and key position,High priority upstream dependency,Confirmed,Important for DMS-7_DRIVER_GAZE_ESTIMATION testcase activation,SRS Export/SRS Export/SRS_Instrument Cluster/VEH-F040_Key_Status/
DMS-7_DRIVER_GAZE_ESTIMATION,VEH-F042_Low_Beam_Lights,-1,Upstream,Low,Constraint,General system context,Optional upstream dependency,Probable,Supporting context for DMS-7_DRIVER_GAZE_ESTIMATION testcase,SRS Export/SRS Export/SRS_Instrument Cluster/VEH-F042_Low_Beam_Lights/
DMS-7_DRIVER_GAZE_ESTIMATION,VEH-F047_High_Beam_Lights,-1,Upstream,Low,Constraint,General system context,Optional upstream dependency,Probable,Supporting context for DMS-7_DRIVER_GAZE_ESTIMATION testcase,SRS Export/SRS Export/SRS_Instrument Cluster/VEH-F047_High_Beam_Lights/
DMS-7_DRIVER_GAZE_ESTIMATION,VEH-F051_Turn_Indicators_and_Hazard_Lights,-1,Upstream,Low,Constraint,General system context,Optional upstream dependency,Probable,Supporting context for DMS-7_DRIVER_GAZE_ESTIMATION testcase,SRS Export/SRS Export/SRS_Instrument Cluster/VEH-F051_Turn_Indicators_and_Hazard_Lights/
DMS-7_DRIVER_GAZE_ESTIMATION,VEH-F057_Rear_LR_Stop_Lights_and_Third_Stop_Management,-1,Upstream,Low,Constraint,General system context,Optional upstream dependency,Probable,Supporting context for DMS-7_DRIVER_GAZE_ESTIMATION testcase,SRS Export/SRS Export/SRS_Instrument Cluster/VEH-F057_Rear_LR_Stop_Lights_and_Third_Stop_Management/
DMS-7_DRIVER_GAZE_ESTIMATION,VEH-F175_Visualization_of_Vehicle_Performance,1,Downstream,Low,FailureCheck,General gaze estimation context,Optional downstream dependency,Probable,VEH-F175_Visualization_of_Vehicle_Performance testcase optionally uses DMS-7_DRIVER_GAZE_ESTIMATION context,SRS Export/SRS Export/SRS_Instrument Cluster/VEH-F175_Visualization_of_Vehicle_Performance/
DMS-7_DRIVER_GAZE_ESTIMATION,VEH-F231_Key_Indentification_Managment,-2,Upstream,High,"Setup, Activation",Ignition status and key position,High priority upstream dependency,Confirmed,Important for DMS-7_DRIVER_GAZE_ESTIMATION testcase activation,SRS Export/SRS Export/SRS_Instrument Cluster/VEH-F231_Key_Indentification_Managment/
DMS-7_DRIVER_GAZE_ESTIMATION,VEH-F247_External_Lights_Management,-1,Upstream,Low,Constraint,General system context,Optional upstream dependency,Probable,Supporting context for DMS-7_DRIVER_GAZE_ESTIMATION testcase,SRS Export/SRS Export/SRS_Instrument Cluster/VEH-F247_External_Lights_Management/
DMS-7_DRIVER_GAZE_ESTIMATION,VEH-F516_Keyless_Ignition_Management,-2,Upstream,High,"Setup, Activation",Ignition status and key position,High priority upstream dependency,Confirmed,Important for DMS-7_DRIVER_GAZE_ESTIMATION testcase activation,SRS Export/SRS Export/SRS_Instrument Cluster/VEH-F516_Keyless_Ignition_Management/
DMS-7_DRIVER_GAZE_ESTIMATION,VEH-F532_Driver_Drowsiness_and_Attention_Monitoring,2,Downstream,High,Verification,Gaze direction and cabin division data; Eye gaze quality and direction accuracy,High priority downstream dependency,Confirmed,VEH-F532_Driver_Drowsiness_and_Attention_Monitoring testcase enhanced by DMS-7_DRIVER_GAZE_ESTIMATION context,SRS Export/SRS Export/SRS_Instrument Cluster/VEH-F532_Driver_Drowsiness_and_Attention_Monitoring/
DMS-7_DRIVER_GAZE_ESTIMATION,VEH-F601_Logistic_Mode_Power_Supply,1,Downstream,Low,FailureCheck,General gaze estimation context,Optional downstream dependency,Probable,VEH-F601_Logistic_Mode_Power_Supply testcase optionally uses DMS-7_DRIVER_GAZE_ESTIMATION context,SRS Export/SRS Export/SRS_Instrument Cluster/VEH-F601_Logistic_Mode_Power_Supply/
DMS-7_DRIVER_GAZE_ESTIMATION,VEH-F858_Light_Sensor_Management,-1,Upstream,Low,Constraint,General system context,Optional upstream dependency,Probable,Supporting context for DMS-7_DRIVER_GAZE_ESTIMATION testcase,SRS Export/SRS Export/SRS_Instrument Cluster/VEH-F858_Light_Sensor_Management/
DMS-7_DRIVER_GAZE_ESTIMATION,VEH-PN001_Physical_needleAnalog_needle_management_on_Binnacle_(NQS),1,Downstream,Low,FailureCheck,General gaze estimation context,Optional downstream dependency,Probable,VEH-PN001_Physical_needleAnalog_needle_management_on_Binnacle_(NQS) testcase optionally uses DMS-7_DRIVER_GAZE_ESTIMATION context,SRS Export/SRS Export/SRS_Instrument Cluster/VEH-PN001_Physical_needleAnalog_needle_management_on_Binnacle_(NQS)/
DMS-7_DRIVER_GAZE_ESTIMATION,MAP-6_Air_Quality_System_(AQS),1,Downstream,Low,FailureCheck,General gaze estimation context,Optional downstream dependency,Probable,MAP-6_Air_Quality_System_(AQS) testcase optionally uses DMS-7_DRIVER_GAZE_ESTIMATION context,SRS Export/SRS Export/SRS_Navigation/MAP-6_Air_Quality_System_(AQS)/
DMS-7_DRIVER_GAZE_ESTIMATION,KEY-1_Keyboard,-2,Upstream,High,"Setup, Activation",Ignition status and key position,High priority upstream dependency,Confirmed,Important for DMS-7_DRIVER_GAZE_ESTIMATION testcase activation,SRS Export/SRS Export/SRS_System Architecture/KEY-1_Keyboard/
DMS-7_DRIVER_GAZE_ESTIMATION,Network_Topology_ _ _ _Network_Topology,1,Downstream,Low,FailureCheck,General gaze estimation context,Optional downstream dependency,Probable,Network_Topology_ _ _ _Network_Topology testcase optionally uses DMS-7_DRIVER_GAZE_ESTIMATION context,SRS Export/SRS Export/SRS_System Architecture/Network_Topology_ _ _ _Network_Topology/
DMS-7_DRIVER_GAZE_ESTIMATION,PMN-1_IDC_Power_Management,-3,Upstream,Critical,"Precondition, Setup",Power state and voltage requirements,Critical upstream dependency for testcase preconditions,Confirmed,Required for DMS-7_DRIVER_GAZE_ESTIMATION testcase setup,SRS Export/SRS Export/SRS_System Architecture/PMN-1_IDC_Power_Management/
DMS-7_DRIVER_GAZE_ESTIMATION,Power_Management_-_Power_State_IDC_OFF,-3,Upstream,Critical,"Precondition, Setup",Power state and voltage requirements,Critical upstream dependency for testcase preconditions,Confirmed,Required for DMS-7_DRIVER_GAZE_ESTIMATION testcase setup,SRS Export/SRS Export/SRS_System Architecture/Power_Management_-_Power_State_IDC_OFF/
DMS-7_DRIVER_GAZE_ESTIMATION,Power_Management_-_Power_State_IDC_Off_-_Full_Sleep,-3,Upstream,Critical,"Precondition, Setup",Power state and voltage requirements,Critical upstream dependency for testcase preconditions,Confirmed,Required for DMS-7_DRIVER_GAZE_ESTIMATION testcase setup,SRS Export/SRS Export/SRS_System Architecture/Power_Management_-_Power_State_IDC_Off_-_Full_Sleep/
DMS-7_DRIVER_GAZE_ESTIMATION,Power_Management_-_Power_State_IDC_OFF_-_Suspend_to_RAM,-3,Upstream,Critical,"Precondition, Setup",Power state and voltage requirements,Critical upstream dependency for testcase preconditions,Confirmed,Required for DMS-7_DRIVER_GAZE_ESTIMATION testcase setup,SRS Export/SRS Export/SRS_System Architecture/Power_Management_-_Power_State_IDC_OFF_-_Suspend_to_RAM/
DMS-7_DRIVER_GAZE_ESTIMATION,Power_Management_-_Power_State_IDC_ON,-3,Upstream,Critical,"Precondition, Setup",Power state and voltage requirements,Critical upstream dependency for testcase preconditions,Confirmed,Required for DMS-7_DRIVER_GAZE_ESTIMATION testcase setup,SRS Export/SRS Export/SRS_System Architecture/Power_Management_-_Power_State_IDC_ON/
DMS-7_DRIVER_GAZE_ESTIMATION,RAD-21_Station_LogoAlbum_Cover_Art,1,Downstream,Low,FailureCheck,General gaze estimation context,Optional downstream dependency,Probable,RAD-21_Station_LogoAlbum_Cover_Art testcase optionally uses DMS-7_DRIVER_GAZE_ESTIMATION context,SRS Export/SRS Export/SRS_Tuner/RAD-21_Station_LogoAlbum_Cover_Art/
